{"stat.mineBlock.quark.roots_white_flower":1,"stat.craftItem.minecraft.acacia_boat":2,"stat.leaveGame":4,"stat.drop.cyclicmagic.book_ender":1,"stat.pickup.ebwizardry.spell_book":3,"stat.mineBlock.minecraft.sandstone":99,"stat.craftItem.minecraft.ender_eye":5,"stat.killEntity.PigZombie":6,"stat.pickup.simpleores.adamantium_ore":46,"balayang.kill":2,"stat.drop.minecraft.feather":1,"stat.pickup.minecraft.rotten_flesh":38,"stat.pickup.quark.basalt":1,"stat.craftItem.minecraft.stone_axe":1,"stat.killEntity.Enderman":5,"stat.craftItem.simpleores.mythril_chestplate":1,"stat.pickup.quark.tallow":2,"stat.useItem.minecraft.iron_pickaxe":233,"stat.pickup.minecraft.stained_hardened_clay":1,"stat.craftItem.minecraft.wooden_pickaxe":1,"stat.drop.minecraft.cooked_mutton":8,"stat.useItem.ebwizardry.magic_wand":4,"stat.craftItem.minecraft.bed":2,"stat.furnaceInteraction":81,"stat.pickup.minecraft.nether_brick":183,"stat.pickup.minecraft.beef":34,"stat.mineBlock.minecraft.stained_hardened_clay":2,"stat.mineBlock.simpleores.tin_ore":26,"stat.pickup.mowziesmobs.barakoa_mask_rage":1,"stat.craftItem.ebwizardry.magic_wand":1,"stat.killEntity.Husk":9,"stat.pickup.minecraft.emerald":32,"stat.useItem.minecraft.beef":2,"stat.deaths":11,"stat.pickup.minecraft.egg":2,"stat.mineBlock.cyclicmagic.nether_lapis_ore":8,"stat.craftItem.minecraft.iron_pickaxe":1,"stat.craftItem.simpleores.adamantium_leggings":1,"stat.mineBlock.minecraft.tallgrass":85,"stat.craftItem.minecraft.cooked_mutton":6,"stat.pickup.minecraft.cooked_mutton":23,"stat.chestOpened":102,"stat.useItem.minecraft.cooked_rabbit":5,"stat.pickup.minecraft.arrow":9,"stat.pickup.minecraft.iron_sword":2,"stat.killEntity.Ghast":3,"stat.pickup.simpleores.adamantium_helmet":2,"stat.pickup.minecraft.gold_nugget":348,"stat.craftItem.supertools.hammerstone":5,"stat.pickup.minecraft.carrot":36,"stat.crouchOneCm":2959,"stat.craftItem.minecraft.iron_ingot":102,"stat.useItem.quark.root_flower":6,"stat.craftingTableInteraction":70,"stat.pickup.minecraft.nether_brick_fence":1,"stat.mineBlock.minecraft.log2":64,"stat.drop.supertools.hammerstone":1,"stat.craftItem.minecraft.wooden_sword":1,"stat.pickup.minecraft.dye":94,"stat.pickup.minecraft.planks":64,"stat.pickup.minecraft.wheat_seeds":58,"stat.mineBlock.simpleores.mythril_ore":24,"stat.craftItem.ebwizardry.wizard_handbook":1,"stat.mineBlock.minecraft.dirt":163,"stat.mineBlock.quark.biome_cobblestone":1,"stat.drop.minecraft.rotten_flesh":1,"stat.useItem.minecraft.cobblestone":58,"stat.mineBlock.minecraft.double_plant":3,"stat.mineBlock.cyclicmagic.nether_emerald_ore":14,"stat.pickup.minecraft.iron_pickaxe":1,"stat.craftItem.minecraft.gold_ingot":12,"stat.drop.minecraft.sapling":1,"stat.pickup.minecraft.chicken":19,"stat.pickup.lycanitesmobs.cooked_joust_meat":10,"stat.mineBlock.quark.blaze_lantern":3,"stat.craftItem.minecraft.bucket":1,"stat.craftItem.minecraft.planks":348,"stat.useItem.minecraft.acacia_boat":1,"stat.pickup.minecraft.stone_sword":3,"stat.mineBlock.minecraft.log":25,"stat.craftItem.minecraft.wooden_door":3,"stat.useItem.minecraft.wooden_door":1,"stat.pickup.supertools.hammerstone":2,"stat.pickup.minecraft.red_flower":3,"stat.pickup.minecraft.wool":10,"stat.useItem.minecraft.wooden_axe":17,"stat.craftItem.minecraft.cooked_rabbit":2,"stat.craftItem.minecraft.diamond_leggings":1,"stat.useItem.minecraft.iron_axe":2,"stat.mineBlock.minecraft.cobblestone":26,"stat.mineBlock.minecraft.yellow_flower":4,"stat.pickup.minecraft.cooked_porkchop":2,"stat.mineBlock.cyclicmagic.nether_diamond_ore":16,"stat.mineBlock.cyclicmagic.nether_iron_ore":1,"stat.craftItem.simpleores.copper_ingot":24,"stat.useItem.minecraft.stone_slab2":47,"stat.craftItem.simpleores.adamantium_ingot":19,"stat.drop.ebwizardry.magic_wand":5,"stat.pickup.minecraft.iron_boots":3,"stat.craftItem.minecraft.furnace":3,"stat.useItem.minecraft.egg":1,"stat.craftItem.minecraft.iron_boots":1,"stat.craftItem.minecraft.cooked_beef":13,"stat.pickup.simpleores.copper_ore":67,"stat.mineBlock.minecraft.obsidian":14,"stat.pickup.quark.black_ash":6,"stat.mineBlock.minecraft.clay":7,"stat.flyOneCm":1066510,"stat.pickup.minecraft.sandstone":58,"stat.pickup.minecraft.fish":12,"stat.craftItem.simpleores.adamantium_sword":1,"stat.timeSinceDeath":44822,"stat.cauldronFilled":1,"stat.craftItem.minecraft.iron_block":3,"stat.craftItem.ebwizardry.magic_crystal":4,"stat.pickup.travelersbackpack.travelers_backpack":3,"stat.pickup.quark.blaze_lantern":3,"stat.pickup.minecraft.nether_wart":44,"stat.mineBlock.minecraft.coal_ore":178,"stat.talkedToVillager":8,"stat.pickup.minecraft.wooden_sword":2,"stat.pickup.minecraft.string":15,"stat.pickup.ebwizardry.magic_wand":8,"stat.entityKilledBy.Skeleton":1,"stat.drop.minecraft.obsidian":4,"stat.sprintOneCm":1504171,"stat.craftItem.minecraft.wooden_axe":2,"stat.killEntity.ebwizardry:evil_wizard":2,"stat.pickup.cyclicmagic.ender_pearl_mounted":1,"stat.useItem.carryon.tile_item":1,"stat.mineBlock.minecraft.diamond_ore":16,"stat.pickup.simpleores.onyx_gem":19,"stat.pickup.mowziesmobs.barakoa_mask_fear":1,"stat.craftItem.simpleores.adamantium_helmet":2,"stat.mineBlock.quark.marble":143,"stat.useItem.minecraft.wooden_sword":11,"stat.pickup.ebwizardry.ruined_spell_book":1,"stat.killEntity.Zombie":8,"stat.craftItem.minecraft.dye":1,"stat.mineBlock.ironfurnaces.iron_furnace_active":1,"stat.craftItem.minecraft.diamond_axe":1,"stat.mineBlock.minecraft.gold_ore":48,"stat.diveOneCm":21109,"stat.useItem.cyclicmagic.emerald_pickaxe":253,"stat.craftItem.ironfurnaces.iron_furnace_idle":2,"gorgomite.kill":2,"stat.mineBlock.simpleores.onyx_ore":16,"stat.craftItem.minecraft.cooked_porkchop":2,"clink.kill":1,"stat.useItem.minecraft.chicken":2,"stat.pickup.minecraft.stone_axe":2,"stat.pickup.minecraft.obsidian":12,"stat.jump":5153,"stat.pickup.minecraft.coal":226,"stat.drop.minecraft.wooden_sword":1,"stat.pickup.minecraft.gunpowder":17,"stat.craftItem.minecraft.torch":152,"stat.pickup.minecraft.dirt":174,"roc.kill":2,"stat.pickup.minecraft.gold_ore":48,"stat.pickup.minecraft.iron_axe":2,"stat.damageTaken":11144,"stat.mineBlock.minecraft.torch":57,"stat.mineBlock.minecraft.red_flower":1,"stat.pickup.minecraft.log2":83,"stat.pickup.ebwizardry.crystal_flower":11,"stat.pickup.ironfurnaces.iron_furnace_idle":1,"stat.killEntity.Silverfish":3,"stat.pickup.cyclicmagic.charm_wing":3,"geonach.kill":3,"stat.useItem.minecraft.chest":4,"stat.pickup.simpleores.mythril_ore":23,"stat.pickup.minecraft.diamond_pickaxe":3,"stat.pickup.lycanitesmobs.aetherwavecharge":8,"stat.useItem.simpleores.adamantium_pickaxe":1,"stat.craftItem.minecraft.iron_chestplate":1,"stat.pickup.minecraft.ender_pearl":6,"stat.useItem.supertools.hammerstone":609,"stat.pickup.minecraft.cooked_beef":6,"stat.useItem.minecraft.netherrack":25,"stat.entityKilledBy.quark:foxhound":1,"stat.mineBlock.minecraft.tnt":9,"stat.mobKills":129,"stat.craftItem.minecraft.shears":1,"stat.useItem.minecraft.boat":6,"stat.pickup.minecraft.diamond":39,"stat.pickup.minecraft.beetroot_seeds":20,"stat.pickup.minecraft.torch":329,"stat.craftItem.simpleores.mythril_pickaxe":1,"stat.mineBlock.ebwizardry.crystal_flower":5,"stat.killEntity.Blaze":6,"stat.useItem.minecraft.planks":117,"stat.pickup.minecraft.glowstone_dust":39,"stat.pickup.minecraft.porkchop":2,"stat.pickup.minecraft.blaze_powder":11,"stat.pickup.spartanshields.shield_basic_wood":4,"stat.useItem.minecraft.water_bucket":9,"stat.mineBlock.minecraft.nether_brick_fence":2,"stat.pickup.minecraft.sand":11,"stat.entityKilledBy.Spider":1,"stat.pickup.lycanitesmobs.aquapulsecharge":5,"stat.mineBlock.minecraft.sand":4,"stat.pickup.quark.marble":112,"stat.pickup.levelhearts.heart_piece":4,"stat.craftItem.simpleores.mythril_ingot":11,"stat.pickup.lycanitesmobs.devilstarcharge":5,"stat.craftItem.ebwizardry.magic_silk":8,"stat.mineBlock.ebwizardry.runestone":5,"stat.useItem.minecraft.cooked_mutton":25,"stat.pickup.minecraft.furnace":1,"stat.pickup.minecraft.iron_chestplate":5,"stat.pickup.minecraft.skull":1,"stat.pickup.minecraft.fermented_spider_eye":2,"stat.mineBlock.minecraft.soul_sand":11,"stat.playOneMinute":534579,"stat.pickup.minecraft.blaze_rod":2,"stat.pickup.minecraft.netherrack":745,"stat.useItem.minecraft.fish":5,"stat.mineBlock.minecraft.netherrack":612,"stat.fallOneCm":130467,"stat.pickup.simpleores.tin_ore":19,"stat.craftItem.minecraft.chest":4,"stat.pickup.simpleores.adamantium_sword":6,"stat.useItem.cyclicmagic.inventory_food":1,"stat.useItem.lycanitesmobs.cooked_joust_meat":7,"stat.entityKilledBy.ebwizardry:evil_wizard":1,"sylph.kill":4,"stat.pickup.minecraft.feather":41,"stat.craftItem.minecraft.wooden_button":1,"stat.pickup.theoneprobe.probenote":2,"stat.pickup.minecraft.iron_leggings":5,"tremor.kill":1,"stat.useItem.minecraft.stone_pickaxe":244,"stat.craftItem.minecraft.iron_leggings":1,"stat.useItem.minecraft.stone_sword":10,"stat.mineBlock.simpleores.copper_ore":69,"stat.useItem.minecraft.torch":185,"stat.pickup.minecraft.iron_nugget":5,"stat.pickup.minecraft.crafting_table":12,"stat.craftItem.minecraft.crafting_table":4,"stat.craftItem.minecraft.boat":2,"stat.mineBlock.quark.stone_speleothem":4,"stat.killEntity.LavaSlime":1,"stat.mineBlock.ebwizardry.crystal_ore":42,"stat.killEntity.quark:foxhound":5,"stat.pickup.minecraft.log":25,"stat.pickup.minecraft.sapling":39,"stat.pickup.minecraft.beetroot":2,"stat.mineBlock.quark.basalt":1,"stat.pickup.quark.root":2,"stat.killEntity.WitherSkeleton":5,"stat.mineBlock.simpleores.adamantium_ore":46,"stat.craftItem.minecraft.cooked_chicken":9,"stat.sneakTime":3476,"stat.pickup.minecraft.yellow_flower":11,"stat.craftItem.minecraft.diamond_chestplate":3,"stat.pickup.minecraft.bone":23,"stat.craftItem.minecraft.diamond_helmet":1,"stat.swimOneCm":37442,"stat.climbOneCm":528,"stat.mineBlock.quark.roots":8,"trite.kill":2,"stat.useItem.minecraft.dirt":106,"stat.craftItem.minecraft.stone_pickaxe":55,"stat.pickup.minecraft.cobblestone":3292,"stat.pickup.quark.biome_cobblestone":1,"stat.useItem.minecraft.stone_shovel":148,"stat.pickup.minecraft.soul_sand":32,"stat.drop.minecraft.wheat_seeds":1,"stat.useItem.minecraft.cooked_beef":13,"stat.pickup.minecraft.cactus":1,"stat.pickup.minecraft.acacia_boat":6,"stat.pickup.minecraft.redstone":21,"stat.mineBlock.minecraft.iron_ore":125,"stat.pickup.minecraft.mutton":15,"stat.drop.minecraft.coal":1,"stat.pickup.minecraft.wooden_axe":1,"stat.pickup.simpleores.adamantium_pickaxe":3,"stat.drop.minecraft.dirt":1,"stat.useItem.minecraft.cooked_porkchop":10,"stat.pickup.ebwizardry.magic_crystal":87,"stat.mineBlock.minecraft.nether_brick":149,"stat.craftItem.minecraft.stone_slab2":0,"stat.mineBlock.cyclicmagic.nether_gold_ore":44,"stat.craftItem.ebwizardry.wizard_hat":1,"stat.craftItem.minecraft.stick":380,"stat.pickup.cyclicmagic.book_ender":1,"stat.useItem.cyclicmagic.crafting_food":1,"stat.pickup.cyclicmagic.tool_warp_home":1,"stat.craftItem.minecraft.stone":7,"stat.craftItem.minecraft.gold_nugget":9,"stat.mineBlock.minecraft.crafting_table":8,"stat.useItem.minecraft.diamond_pickaxe":503,"stat.useItem.minecraft.carrot":2,"stat.craftItem.ironfurnaces.gold_furnace_idle":1,"stat.mineBlock.minecraft.planks":6,"stat.drop":31,"stat.pickup.lycanitesmobs.raw_pinky_meat":2,"stat.killEntity.Sheep":11,"stat.pickup.cyclicmagic.tool_warp_spawn":3,"stat.craftItem.minecraft.diamond_pickaxe":2,"stat.useItem.simpleores.mythril_pickaxe":61,"stat.useItem.minecraft.diamond_axe":11,"stat.mineBlock.quark.roots_black_flower":5,"stat.drop.minecraft.cooked_porkchop":4,"stat.pickup.minecraft.iron_helmet":2,"stat.useItem.minecraft.stone_axe":151,"stat.pickup.minecraft.spider_eye":4,"stat.useItem.minecraft.cooked_chicken":2,"stat.pickup.minecraft.iron_ore":126,"stat.mineBlock.minecraft.leaves2":1,"stat.pickup.minecraft.leather":31,"stat.mineBlock.minecraft.furnace":1,"stat.useItem.minecraft.wooden_pickaxe":32,"stat.pickup.minecraft.reeds":40,"stat.killEntity.CaveSpider":1,"stat.damageDealt":19330,"stat.craftItem.minecraft.glass":16,"stat.drop.minecraft.cooked_chicken":1,"stat.craftItem.minecraft.cauldron":1,"stat.sleepInBed":8,"stat.craftItem.minecraft.anvil":1,"stat.mineBlock.quark.roots_blue_flower":4,"stat.killEntity.Cow":9,"stat.killEntity.Pig":1,"stat.craftItem.minecraft.stone_shovel":1,"stat.pickup.minecraft.boat":10,"stat.walkOneCm":1451493,"stat.pickup.minecraft.stick":29,"stat.pickup.minecraft.clay_ball":27,"stat.craftItem.minecraft.diamond_boots":1,"stat.pickup.quark.root_flower":11,"stat.pickup.minecraft.tnt":9,"stat.pickup.minecraft.stone":42,"stat.useItem.simpleores.adamantium_sword":410,"stat.pickup.cyclicmagic.charm_antidote":1,"stat.killEntity.Skeleton":5,"stat.mineBlock.minecraft.cactus":1,"stat.pickup.ebwizardry.crystal_shard":3,"stat.killEntity.Chicken":11,"stat.killEntity.Spider":8,"stat.mineBlock.minecraft.quartz_ore":4,"stat.pickup.ebwizardry.runestone":1,"stat.pickup.minecraft.quartz":14,"stat.pickup.minecraft.water_bucket":1,"stat.mineBlock.minecraft.leaves":4,"stat.mineBlock.minecraft.redstone_ore":5,"stat.mineBlock.minecraft.stone":4574}