{"stat.useItem.minecraft.bow":31,"stat.walkOneCm":803199,"stat.craftItem.minecraft.piston":6,"stat.useItem.minecraft.sticky_piston":4,"stat.useItem.minecraft.torch":24,"stat.pickup.minecraft.bone":4,"stat.craftItem.minecraft.stonebrick":128,"stat.craftItem.minecraft.sticky_piston":6,"stat.useItem.minecraft.stone":90,"stat.useItem.minecraft.iron_axe":101,"stat.craftItem.quark.custom_chest":1,"stat.leaveGame":1,"stat.mineBlock.minecraft.cobblestone":5,"stat.useItem.minecraft.log":197,"stat.mineBlock.minecraft.sticky_piston":4,"stat.pickup.minecraft.stonebrick":8,"stat.useItem.minecraft.cobblestone":56,"stat.craftItem.minecraft.crafting_table":2,"stat.furnaceInteraction":9,"stat.craftItem.minecraft.iron_axe":2,"stat.useItem.minecraft.apple":2,"stat.mineBlock.minecraft.deadbush":2,"stat.pickup.minecraft.obsidian":2,"stat.killEntity.Creeper":4,"stat.pickup.minecraft.log":230,"stat.swimOneCm":1877,"stat.jump":798,"stat.useItem.minecraft.sand":40,"stat.pickup.minecraft.cooked_chicken":1,"stat.fallOneCm":22250,"stat.useItem.minecraft.planks":152,"stat.useItem.minecraft.cooked_mutton":8,"stat.pickup.lycanitesmobs.spectralboltcharge":3,"stat.pickup.minecraft.gunpowder":7,"stat.crouchOneCm":148,"stat.pickup.minecraft.spider_eye":1,"stat.pickup.minecraft.sticky_piston":4,"stat.pickup.minecraft.sapling":112,"stat.pickup.minecraft.dirt":155,"stat.useItem.minecraft.dirt":9,"stat.sprintOneCm":43204,"stat.useItem.minecraft.stone_slab2":32,"stat.pickup.minecraft.apple":13,"stat.craftItem.minecraft.stick":4,"stat.craftingTableInteraction":14,"stat.pickup.minecraft.rotten_flesh":11,"zoataur.kill":1,"stat.pickup.minecraft.sand":644,"stat.useItem.minecraft.sapling":95,"stat.mineBlock.minecraft.stonebrick":8,"stat.craftItem.minecraft.planks":312,"stat.pickup.mowziesmobs.barakoa_mask_rage":1,"stat.mineBlock.minecraft.log2":7,"stat.killEntity.Spider":2,"stat.damageTaken":579,"stat.pickup.minecraft.leather":5,"stat.killEntity.Husk":9,"stat.mineBlock.minecraft.torch":6,"stat.pickup.minecraft.prismarine_shard":11,"stat.mobKills":19,"stat.pickup.minecraft.cobblestone":5,"stat.mineBlock.minecraft.sapling":1,"stat.useItem.minecraft.stonebrick":159,"stat.pickup.minecraft.log2":7,"stat.mineBlock.minecraft.log":231,"stat.useItem.minecraft.dye":40,"cryptkeeper.kill":1,"stat.pickup.minecraft.planks":8,"stat.pickup.minecraft.prismarine_crystals":4,"stat.flyOneCm":61098,"stat.craftItem.minecraft.iron_shovel":3,"stat.mineBlock.minecraft.planks":8,"stat.pickup.minecraft.wheat_seeds":17,"stat.mineBlock.minecraft.sand":630,"stat.mineBlock.minecraft.leaves":23,"stat.pickup.minecraft.potato":1,"stat.playOneMinute":121290,"stat.pickup.minecraft.torch":8,"stat.craftItem.minecraft.iron_pickaxe":1,"stat.sneakTime":166,"stat.damageDealt":3320,"stat.killEntity.Zombie":2,"stat.timeSinceDeath":121290,"stat.craftItem.minecraft.dye":51,"stat.mineBlock.minecraft.dirt":154,"stat.useItem.minecraft.iron_pickaxe":19,"stat.mineBlock.minecraft.stone":1,"stat.mineBlock.minecraft.tallgrass":77,"stat.diveOneCm":33,"stat.useItem.minecraft.iron_shovel":758,"stat.pickup.minecraft.cooked_mutton":8}