{"stat.mineBlock.lycanitesmobs.demoncrystal":1,"stat.pickup.lycanitesmobs.chaosorbcharge":6,"stat.leaveGame":22,"darkling.kill":3,"stat.pickup.extrautils2.redorchid":3,"stat.killEntity.Parrot":1,"stat.pickup.ebwizardry.spell_book":9,"stat.mineBlock.minecraft.sandstone":12,"stat.craftItem.minecraft.ender_eye":1,"stat.killEntity.PigZombie":18,"stat.pickup.simpleores.adamantium_ore":10,"balayang.kill":10,"stat.craftItem.ebwizardry.wizard_robe_sorcery":1,"stat.craftItem.extrautils2.endershard":8,"stat.pickup.minecraft.rotten_flesh":159,"stat.pickup.torchmaster.feral_flare_lantern":2,"stat.craftItem.minecraft.stone_axe":2,"stat.killEntity.Enderman":10,"stat.pickup.lycanitesmobs.throwingscythecharge":54,"stat.killEntity.Witch":3,"stat.pickup.quark.tallow":47,"stat.craftItem.extrautils2.machine":7,"stat.useItem.minecraft.iron_pickaxe":49,"stat.craftItem.minecraft.wooden_pickaxe":1,"stat.pickup.lycanitesmobs.raw_joust_meat":148,"stat.craftItem.minecraft.bed":1,"salamander.kill":5,"stat.pickup.cyclicmagic.item_pump":25,"stat.craftItem.cyclicmagic.energy_pump":2,"stat.useItem.extrabows.emerald_bow":880,"stat.furnaceInteraction":251,"stat.killEntity.ZombieVillager":2,"stat.pickup.minecraft.nether_brick":3,"stat.useItem.simpleores.adamantium_axe":192,"stat.pickup.minecraft.beef":6,"stat.mineBlock.torchmaster.feral_flare_lantern":2,"stat.useItem.quark.marble":667,"stat.pickup.lycanitesmobs.spectralboltcharge":38,"stat.useItem.minecraft.dark_oak_door":3,"pinky.kill":14,"stat.pickup.minecraft.potion":1,"stat.mineBlock.simpleores.tin_ore":37,"stat.pickup.mowziesmobs.barakoa_mask_rage":8,"stat.craftItem.ebwizardry.magic_wand":1,"stat.useItem.minecraft.flint_and_steel":1,"stat.pickup.cyclicmagic.energy_pump":2,"stat.killEntity.Husk":72,"stat.craftItem.minecraft.dropper":2,"stat.pickup.minecraft.emerald":118,"stat.useItem.minecraft.dye":67,"stat.pickup.lycanitesmobs.raw_krake_meat":18,"nymph.kill":2,"stat.deaths":3,"stat.pickup.mowziesmobs.barakoa_mask_fury":2,"stat.pickup.minecraft.egg":3,"stat.mineBlock.minecraft.stone_pressure_plate":1,"stat.mineBlock.cyclicmagic.nether_lapis_ore":31,"stat.craftItem.minecraft.iron_pickaxe":1,"stat.craftItem.ebwizardry.novice_lightning_wand":1,"stat.pickup.minecraft.glass_pane":34,"stat.mineBlock.minecraft.tallgrass":486,"stat.craftItem.minecraft.cooked_mutton":14,"stat.useItem.ironfurnaces.gold_furnace_idle":15,"stat.craftItem.simpleores.adamantium_axe":2,"stat.pickup.minecraft.cooked_mutton":110,"stat.chestOpened":197,"stat.craftItem.minecraft.sign":3,"crusk.kill":1,"stat.pickup.minecraft.arrow":110,"maka.kill":12,"stat.killEntity.Ghast":3,"stat.pickup.quark.jasper":1,"stat.pickup.minecraft.gold_nugget":1891,"geist.kill":1,"stat.craftItem.supertools.hammerstone":4,"stat.pickup.minecraft.carrot":1,"stat.pickup.simpleores.onyx_leggings":2,"stat.pickup.lycanitesmobs.doomfireballcharge":24,"stat.crouchOneCm":48031,"stat.mineBlock.minecraft.chest":4,"stat.craftItem.minecraft.iron_ingot":68,"stat.craftingTableInteraction":67,"stat.pickup.minecraft.nether_brick_fence":4,"stat.mineBlock.minecraft.log2":298,"stat.pickup.minecraft.wooden_pickaxe":2,"stat.pickup.ebwizardry.identification_scroll":5,"stat.pickup.minecraft.dye":338,"stat.pickup.minecraft.planks":98,"stat.pickup.minecraft.wheat_seeds":81,"stat.mineBlock.simpleores.mythril_ore":23,"stat.mineBlock.minecraft.dirt":326,"stat.pickup.lycanitesmobs.geonachfist":1,"stat.pickup.simpleores.onyx_helmet":2,"stat.useItem.minecraft.cobblestone":152,"stat.pickup.minecraft.magma":107,"stat.pickup.lycanitesmobs.embercharge":6,"stat.useItem.lycanitesmobs.cooked_krake_meat":1,"stat.mineBlock.minecraft.double_plant":1,"stat.useItem.quark.variant_sapling":7,"stat.useItem.torchmaster.feral_flare_lantern":29,"stat.useItem.ebwizardry.apprentice_fire_wand":26,"stat.pickup.minecraft.chicken":5,"stat.pickup.lycanitesmobs.cooked_joust_meat":30,"stat.pickup.minecraft.apple":43,"stat.pickup.quark.soul_bead":14,"stat.useItem.minecraft.glass_pane":151,"stat.pickup.minecraft.banner":4,"stat.craftItem.minecraft.bucket":1,"stat.craftItem.minecraft.planks":568,"stat.useItem.minecraft.acacia_boat":8,"stat.pickup.extrautils2.filter":64,"stat.pickup.minecraft.stone_sword":1,"stat.useItem.minecraft.stonebrick":2435,"stat.pickup.minecraft.book":57,"stat.mineBlock.minecraft.log":88,"stat.pickup.supertools.hammerstone":2,"stat.craftItem.minecraft.paper":3,"stat.pickup.minecraft.red_flower":34,"stat.pickup.minecraft.wool":57,"stat.useItem.minecraft.wooden_axe":118,"stat.pickup.extrautils2.pipe":18,"lacedon.kill":1,"stat.pickup.lycanitesmobs.sprigganheart":1,"stat.pickup.minecraft.bookshelf":38,"stat.useItem.minecraft.iron_axe":2,"stat.useItem.simpleores.onyx_pickaxe":245,"stat.mineBlock.minecraft.cobblestone":26,"stat.pickup.minecraft.stone_pickaxe":1,"stat.pickup.minecraft.flint":23,"raiko.kill":1,"stat.useItem.cyclicmagic.cyclic_wand_build":11,"stat.craftItem.minecraft.wool":3,"stat.mineBlock.ironfurnaces.gold_furnace_idle":15,"stat.pickup.minecraft.cooked_porkchop":37,"stat.mineBlock.cyclicmagic.nether_diamond_ore":8,"stat.mineBlock.cyclicmagic.nether_iron_ore":52,"stat.useItem.minecraft.obsidian":10,"stat.mineBlock.ironchest.iron_chest":20,"stat.useItem.minecraft.stone_slab2":165,"stat.craftItem.simpleores.adamantium_ingot":21,"stat.pickup.minecraft.bow":6,"stat.mineBlock.cyclicmagic.energy_pump":2,"stat.craftItem.ebwizardry.novice_necromancy_wand":2,"stat.craftItem.minecraft.furnace":4,"stat.craftItem.minecraft.iron_boots":1,"stat.craftItem.minecraft.cooked_beef":13,"stat.pickup.simpleores.copper_ore":23,"stat.mineBlock.minecraft.obsidian":15,"stat.pickup.quark.black_ash":38,"cryptkeeper.kill":4,"stat.craftItem.cyclicmagic.battery":1,"sutiramu.kill":8,"stat.flyOneCm":3402758,"stat.pickup.minecraft.sandstone":29,"stat.pickup.minecraft.fish":28,"stat.craftItem.simpleores.adamantium_sword":2,"stat.timeSinceDeath":330224,"stat.useItem.simpleores.onyx_sword":479,"stat.pickup.ebwizardry.arcane_workbench":1,"stat.craftItem.ebwizardry.magic_crystal":166,"stat.craftItem.minecraft.stonebrick":256,"stat.pickup.travelersbackpack.travelers_backpack":9,"stat.pickup.minecraft.nether_wart":25,"stat.mineBlock.minecraft.enchanting_table":1,"stat.mineBlock.minecraft.coal_ore":235,"stat.killEntity.Creeper":38,"stat.useItem.minecraft.armor_stand":3,"stat.pickup.extrautils2.ingredients":141,"stat.talkedToVillager":43,"stat.pickup.minecraft.string":70,"stat.pickup.lycanitesmobs.stryderheart":1,"stat.craftItem.ebwizardry.spell_book":12,"stat.pickup.ebwizardry.magic_wand":1,"grue.kill":6,"stat.pickup.lycanitesmobs.scorchfireballcharge":18,"stat.pickup.lycanitesmobs.raw_arisaur_meat":3,"stat.useItem.minecraft.dragon_egg":3,"stat.sprintOneCm":2645299,"stat.useItem.minecraft.diamond_shovel":545,"stat.mineBlock.minecraft.stone_slab":12,"stat.craftItem.minecraft.wooden_axe":5,"stat.pickup.minecraft.bone_block":7,"stat.killEntity.ebwizardry:evil_wizard":14,"stat.pickup.quark.stonebrick_wall":39,"stat.mineBlock.extrautils2.machine":2,"stat.pickup.extrautils2.passivegenerator":4,"stat.useItem.carryon.tile_item":33,"stat.mineBlock.minecraft.diamond_ore":16,"stat.pickup.simpleores.onyx_gem":88,"stat.pickup.mowziesmobs.barakoa_mask_fear":2,"stat.mineBlock.quark.marble":100,"stat.pickup.minecraft.sugar":6,"stat.pickup.ebwizardry.ruined_spell_book":5,"stat.useItem.minecraft.banner":2,"joust.kill":51,"stat.craftItem.minecraft.emerald":31,"stat.killEntity.Zombie":29,"stat.craftItem.minecraft.dye":1,"stat.diveOneCm":146749,"stat.mineBlock.minecraft.mossy_cobblestone":7,"stat.pickup.extrautils2.machine":2,"gorgomite.kill":8,"stat.pickup.minecraft.sign":2,"cephignis.kill":1,"stat.mineBlock.simpleores.onyx_ore":41,"stat.craftItem.minecraft.cooked_porkchop":38,"clink.kill":10,"abaia.kill":6,"stat.mineBlock.extrautils2.resonator":3,"stat.pickup.minecraft.obsidian":42,"stat.useItem.minecraft.rotten_flesh":13,"stat.jump":10547,"stat.useItem.minecraft.sand":6,"stat.pickup.minecraft.coal":1043,"stat.pickup.minecraft.iron_ingot":21,"stat.pickup.extrautils2.indexer":2,"stat.pickup.minecraft.gunpowder":25,"stat.craftItem.minecraft.torch":356,"stat.pickup.minecraft.dirt":455,"stat.useItem.minecraft.glass":16,"roc.kill":1,"reaper.kill":12,"stat.pickup.minecraft.gold_ore":1,"stat.mineBlock.minecraft.lapis_ore":11,"stat.killEntity.quark:wraith":14,"lobber.kill":4,"stat.mineBlock.minecraft.glass_pane":20,"stat.damageTaken":11444,"stat.useItem.minecraft.stone_brick_stairs":187,"stat.mineBlock.minecraft.torch":14,"stat.mineBlock.minecraft.red_flower":1,"stat.tradedWithVillager":75,"stat.pickup.simpleores.onyx_boots":2,"stat.pickup.minecraft.magma_cream":19,"stat.pickup.ebwizardry.crystal_flower":15,"stat.pickup.minecraft.log2":396,"stat.mineBlock.minecraft.sandstone_stairs":1,"stat.pickup.minecraft.bed":6,"stat.craftItem.simpleores.mythril_axe":2,"stat.useItem.forge.bucketfilled":1,"stat.pickup.simpleores.onyx_chestplate":2,"stat.pickup.ironfurnaces.iron_furnace_idle":1,"stat.entityKilledBy.Zombie":1,"stat.pickup.minecraft.rabbit_hide":4,"stat.pickup.lycanitesmobs.faeboltcharge":10,"stat.killEntity.Silverfish":6,"stat.pickup.cyclicmagic.charm_wing":1,"stat.useItem.extrautils2.resonator":1,"stat.pickup.simpleores.adamantium_ingot":3,"geonach.kill":9,"stat.pickup.simpleores.mythril_ore":23,"stat.pickup.lycanitesmobs.lightballcharge":2,"stat.useItem.minecraft.lava_bucket":3,"stat.pickup.lycanitesmobs.aetherwavecharge":36,"stat.pickup.minecraft.rabbit_foot":3,"herma.kill":1,"stat.killEntity.quark:pirate":10,"stat.useItem.simpleores.adamantium_pickaxe":813,"stat.pickup.mowziesmobs.barako_mask":2,"stat.craftItem.minecraft.iron_chestplate":2,"stat.pickup.minecraft.ender_pearl":24,"stat.useItem.supertools.hammerstone":478,"stat.useItem.cyclicmagic.item_pipe":6,"stat.pickup.minecraft.cooked_beef":40,"stat.useItem.minecraft.netherrack":29,"stat.craftItem.travelersbackpack.sleeping_bag_bottom":1,"stat.mineBlock.minecraft.stonebrick":439,"stat.killEntity.quark:dweller":9,"stat.mobKills":993,"stat.mineBlock.minecraft.bookshelf":57,"stat.useItem.minecraft.boat":5,"stat.pickup.minecraft.diamond":49,"stat.pickup.minecraft.torch":34,"stat.killEntity.ebwizardry:remnant":17,"stat.craftItem.extrautils2.wrench":1,"stat.craftItem.ebwizardry.apprentice_lightning_wand":3,"stat.useItem.cyclicmagic.energy_pipe":3,"stat.craftItem.spartanshields.shield_tower_iron":1,"stat.mineBlock.ebwizardry.crystal_flower":13,"erepede.kill":2,"stat.useItem.minecraft.bookshelf":70,"stat.useItem.lycanitesmobs.cooked_maka_meat":34,"stat.craftItem.minecraft.iron_axe":1,"stat.killEntity.Blaze":30,"stat.mineBlock.cyclicmagic.item_pipe":6,"stat.craftItem.ebwizardry.apprentice_earth_wand":2,"ventoraptor.kill":1,"stat.useItem.minecraft.planks":62,"stat.pickup.minecraft.glowstone_dust":112,"stat.pickup.minecraft.porkchop":38,"stat.pickup.minecraft.blaze_powder":27,"stat.pickup.minecraft.glass":192,"stat.mineBlock.ironfurnaces.iron_furnace_idle":1,"stat.pickup.spartanshields.shield_basic_wood":2,"stat.useItem.minecraft.water_bucket":10,"stat.mineBlock.minecraft.stone_brick_stairs":87,"stat.mineBlock.minecraft.nether_brick_fence":4,"stat.pickup.minecraft.sand":688,"stat.pickup.lycanitesmobs.hellfireballcharge":5,"stat.useItem.quark.stonebrick_wall":21,"stat.pickup.lycanitesmobs.aquapulsecharge":8,"shade.kill":1,"stat.craftItem.minecraft.stone_sword":1,"stat.pickup.ebwizardry.spectral_dust":9,"stat.pickup.mowziesmobs.barakoa_mask_misery":1,"stat.mineBlock.minecraft.sand":362,"stat.pickup.quark.marble":127,"stat.craftItem.spartanshields.shield_basic_wood":3,"stat.pickup.lycanitesmobs.clinkscythe":1,"stat.useItem.lycanitesmobs.cooked_pinky_meat":2,"stat.pickup.simpleores.adamantium_axe":1,"stat.craftItem.simpleores.mythril_ingot":23,"stat.useItem.simpleores.onyx_axe":2,"stat.craftItem.ebwizardry.wizard_boots":1,"stat.pickup.lycanitesmobs.devilstarcharge":10,"stat.craftItem.ebwizardry.magic_silk":24,"stat.useItem.extrautils2.pipe":29,"stat.mineBlock.ebwizardry.runestone":2,"stat.useItem.minecraft.cooked_mutton":69,"stat.pickup.minecraft.furnace":2,"aegis.kill":6,"stat.craftItem.travelersbackpack.travelers_backpack":2,"stat.useItem.minecraft.stone_stairs":73,"stat.pickup.minecraft.skull":10,"stat.mineBlock.extrautils2.passivegenerator":4,"stat.killEntity.Horse":1,"stat.pickup.minecraft.stone_stairs":2,"afrit.kill":6,"stat.craftItem.ironchest.iron_chest":5,"stat.useItem.extrautils2.indexerremote":1,"stat.pickup.minecraft.fermented_spider_eye":3,"stat.craftItem.minecraft.heavy_weighted_pressure_plate":2,"stat.pickup.ironchest.iron_chest":20,"stat.useItem.extrautils2.glasscutter":12,"stat.playOneMinute":1371277,"stat.pickup.minecraft.blaze_rod":19,"stat.craftItem.eplus.advanced_table":1,"stat.pickup.eplus.advanced_table":2,"stat.pickup.minecraft.netherrack":358,"stat.mineBlock.minecraft.netherrack":394,"stat.useItem.minecraft.experience_bottle":704,"stat.pickup.minecraft.cooked_chicken":19,"stat.fallOneCm":438975,"stat.pickup.simpleores.tin_ore":37,"stat.useItem.ebwizardry.jungle_bookshelf":4,"stat.pickup.ebwizardry.jungle_bookshelf":1,"stat.pickup.simpleores.adamantium_sword":1,"stat.craftItem.minecraft.chest":1,"stat.mineBlock.quark.variant_sapling":4,"stat.useItem.cyclicmagic.inventory_food":1,"stat.pickup.lycanitesmobs.demoncrystal":1,"stat.useItem.lycanitesmobs.cooked_joust_meat":12,"jengu.kill":2,"stat.craftItem.quark.marble":256,"wisp.kill":3,"sylph.kill":15,"stat.pickup.minecraft.feather":62,"stat.mineBlock.extrautils2.indexer":2,"stat.craftItem.extrautils2.indexerremote":1,"stat.pickup.theoneprobe.probenote":5,"stat.craftItem.extrautils2.ingredients":26,"stat.mineBlock.minecraft.gravel":6,"stat.pickup.lycanitesmobs.geonachspear":1,"stat.useItem.minecraft.stone_pickaxe":86,"stat.useItem.minecraft.stone_sword":19,"stat.craftItem.minecraft.iron_leggings":1,"stat.killEntity.Rabbit":5,"stat.useItem.minecraft.wool":1,"stat.pickup.quark.variant_leaves":114,"arisaur.kill":1,"stat.mineBlock.simpleores.copper_ore":24,"stat.useItem.minecraft.torch":176,"stat.useItem.extrautils2.grocket":8,"stat.pickup.minecraft.iron_nugget":718,"stat.craftItem.minecraft.redstone_block":20,"joustalpha.kill":12,"stat.craftItem.minecraft.stone_stairs":160,"stat.useItem.ironchest.iron_chest":37,"stat.pickup.minecraft.crafting_table":6,"stat.useItem.minecraft.log":14,"stat.craftItem.minecraft.crafting_table":1,"stat.craftItem.minecraft.boat":2,"stat.killEntity.LavaSlime":38,"stat.mineBlock.ebwizardry.crystal_ore":22,"stat.pickup.extrautils2.grocket":8,"stat.pickup.minecraft.redstone_block":20,"stat.killEntity.quark:foxhound":10,"stat.pickup.minecraft.log":152,"stat.mineBlock.eplus.advanced_table":2,"stat.useItem.minecraft.cooked_fish":10,"stat.pickup.lycanitesmobs.waterjetcharge":3,"stat.pickup.ironfurnaces.gold_furnace_idle":15,"stat.pickup.minecraft.sapling":79,"stat.pickup.minecraft.wooden_door":1,"stat.useItem.quark.variant_leaves":39,"stat.useItem.simpleores.mythril_axe":5,"stat.craftItem.spartanshields.shield_tower_wood":1,"stat.craftItem.simpleores.adamantium_pickaxe":1,"stat.killEntity.WitherSkeleton":23,"stat.mineBlock.simpleores.adamantium_ore":9,"stat.pickup.lycanitesmobs.lifedraincharge":2,"stat.pickup.minecraft.golden_sword":3,"stat.craftItem.minecraft.cooked_chicken":6,"stat.pickup.lycanitesmobs.cleansingcrystal":3,"stat.pickup.quark.variant_sapling":105,"stat.sneakTime":14466,"stat.pickup.minecraft.rabbit":4,"stat.pickup.minecraft.stone_slab":76,"stat.pickup.quark.pirate_hat":4,"stat.pickup.minecraft.yellow_flower":2,"stat.pickup.minecraft.chest":4,"stat.craftItem.minecraft.enchanting_table":1,"stat.pickup.minecraft.bone":180,"stat.pickup.minecraft.stone_pressure_plate":1,"stat.mineBlock.quark.variant_leaves":86,"stat.useItem.minecraft.log2":255,"stat.craftItem.ebwizardry.wizard_leggings":1,"stat.craftItem.extrautils2.glasscutter":1,"stat.pickup.lycanitesmobs.magmacharge":20,"stat.swimOneCm":95911,"trite.kill":21,"stat.useItem.minecraft.dirt":54,"stat.pickup.ebwizardry.amulet_channeling":1,"stat.mineBlock.quark.stonebrick_wall":3,"vapula.kill":1,"stat.craftItem.simpleores.onyx_sword":1,"stat.pickup.minecraft.enchanting_table":1,"stat.craftItem.spartanshields.shield_basic_iron":1,"stat.craftItem.minecraft.stone_pickaxe":40,"stat.mineBlock.minecraft.magma":114,"stat.pickup.minecraft.cobblestone":3736,"stat.useItem.minecraft.stone_shovel":131,"stat.pickup.minecraft.soul_sand":3,"stat.useItem.cyclicmagic.item_pump":29,"stat.mineBlock.quark.custom_chest":6,"stat.useItem.minecraft.cooked_beef":31,"stat.pickup.minecraft.cactus":47,"stat.pickup.minecraft.dragon_egg":1,"stat.pickup.minecraft.acacia_boat":9,"stat.pickup.minecraft.redstone":353,"stat.mineBlock.minecraft.iron_ore":86,"stat.craftItem.minecraft.book":1,"stat.useItem.minecraft.sign":7,"stat.pickup.minecraft.mutton":26,"stat.pickup.minecraft.mossy_cobblestone":7,"stat.mineBlock.ebwizardry.arcane_workbench":1,"stat.craftItem.extrautils2.screen":1,"stat.pickup.minecraft.wooden_axe":3,"stat.pickup.simpleores.adamantium_pickaxe":1,"stat.pickup.minecraft.stonebrick":510,"krake.kill":5,"stat.pickup.ebwizardry.magic_crystal":395,"stat.useItem.minecraft.cooked_porkchop":25,"stat.mineBlock.minecraft.nether_brick":9,"stat.craftItem.minecraft.stone_slab2":0,"stat.pickup.minecraft.sandstone_stairs":1,"stat.mineBlock.cyclicmagic.nether_gold_ore":308,"stat.craftItem.ebwizardry.wizard_hat":1,"stat.craftItem.minecraft.stick":232,"stat.useItem.extrautils2.passivegenerator":311,"stat.pickup.cyclicmagic.book_ender":1,"stat.useItem.cyclicmagic.crafting_food":1,"stat.useItem.minecraft.stone_slab":12,"stat.useItem.minecraft.bed":4,"stat.craftItem.minecraft.stone":256,"stat.mineBlock.minecraft.crafting_table":5,"stat.mineBlock.ebwizardry.jungle_bookshelf":1,"stat.pickup.extrautils2.resonator":3,"stat.useItem.minecraft.diamond_pickaxe":762,"stat.killEntity.Endermite":1,"vorach.kill":2,"stat.killEntity.ebwizardry:wizard":1,"stat.mineBlock.minecraft.planks":2,"stat.pickup.lycanitesmobs.raw_pinky_meat":15,"stat.killEntity.Sheep":53,"stat.pickup.minecraft.slime_ball":36,"stat.craftItem.minecraft.diamond_pickaxe":1,"stat.mineBlock.cyclicmagic.nether_redstone_ore":8,"stat.useItem.extrautils2.machine":1,"stat.pickup.minecraft.gravel":6,"stat.killEntity.Slime":56,"stat.mineBlock.minecraft.deadbush":1,"stat.pickup.minecraft.stone_brick_stairs":105,"stat.craftItem.travelersbackpack.backpack_tank":2,"archvile.kill":4,"stat.useItem.minecraft.stone_axe":27,"stat.pickup.minecraft.spider_eye":32,"stat.craftItem.minecraft.iron_helmet":1,"stat.useItem.minecraft.cooked_chicken":2,"stat.pickup.minecraft.iron_ore":130,"stat.mineBlock.cyclicmagic.item_pump":25,"stat.boatOneCm":9543,"stat.craftItem.minecraft.flint_and_steel":1,"stat.pickup.quark.custom_chest":6,"stat.mineBlock.minecraft.leaves2":3,"stat.mineBlock.minecraft.stone_stairs":2,"stat.pickup.minecraft.leather":58,"stat.pickup.lycanitesmobs.raw_maka_meat":15,"stat.mineBlock.minecraft.furnace":2,"stat.useItem.minecraft.wooden_pickaxe":19,"stat.dispenserInspected":3,"stat.pickup.minecraft.prismarine_shard":2,"behemoth.kill":7,"stat.pickup.minecraft.reeds":3,"stat.craftItem.ebwizardry.wizard_robe":1,"stat.damageDealt":62154,"stat.craftItem.minecraft.glass":14,"stat.sleepInBed":31,"stat.craftItem.ebwizardry.apprentice_fire_wand":1,"stat.killEntity.Cow":14,"stat.killEntity.Pig":21,"stat.craftItem.minecraft.stone_shovel":1,"stat.pickup.minecraft.boat":5,"stat.walkOneCm":6406112,"stat.useItem.quark.custom_chest":3,"stat.pickup.minecraft.stick":11,"stat.craftItem.quark.custom_chest":5,"argus.kill":1,"stat.pickup.minecraft.clay_ball":18,"spriggan.kill":1,"stat.useItem.ebwizardry.arcane_workbench":3,"stat.craftItem.minecraft.writable_book":1,"stat.pickup.minecraft.stone":466,"stat.useItem.simpleores.adamantium_sword":108,"stat.pickup.lycanitesmobs.crystalshardcharge":5,"stat.useItem.minecraft.cactus":7,"stat.pickup.lycanitesmobs.gammasphere":1,"stat.pickup.minecraft.gold_ingot":163,"stat.killEntity.Skeleton":72,"stat.pickup.lycanitesmobs.vapulacrystal":1,"stat.mineBlock.minecraft.cactus":17,"stat.killEntity.Chicken":13,"stat.pickup.cyclicmagic.item_pipe":6,"stat.killEntity.Spider":52,"stat.mineBlock.minecraft.quartz_ore":60,"stat.pickup.ebwizardry.runestone":2,"stat.pickup.minecraft.quartz":214,"stat.pickup.mowziesmobs.barakoa_mask_bliss":3,"belph.kill":17,"cinder.kill":1,"stat.pickup.ebwizardry.apprentice_earth_wand":1,"stat.mineBlock.minecraft.redstone_ore":61,"stat.mineBlock.minecraft.bone_block":7,"astaroth.kill":4,"stat.killEntity.quark:ashen":4,"stat.mineBlock.minecraft.stone":3498,"stat.useItem.minecraft.sandstone":2}