{"stat.leaveGame":19,"darkling.kill":2,"stat.pickup.extrautils2.redorchid":3,"stat.killEntity.Parrot":1,"stat.pickup.ebwizardry.spell_book":8,"stat.mineBlock.minecraft.sandstone":2,"stat.craftItem.minecraft.ender_eye":1,"stat.killEntity.PigZombie":18,"stat.pickup.simpleores.adamantium_ore":6,"balayang.kill":10,"stat.craftItem.ebwizardry.wizard_robe_sorcery":1,"stat.pickup.minecraft.rotten_flesh":154,"stat.pickup.torchmaster.feral_flare_lantern":2,"stat.craftItem.minecraft.stone_axe":2,"stat.killEntity.Enderman":10,"stat.pickup.lycanitesmobs.throwingscythecharge":54,"stat.killEntity.Witch":3,"stat.pickup.quark.tallow":47,"stat.craftItem.extrautils2.machine":6,"stat.useItem.minecraft.iron_pickaxe":49,"stat.craftItem.minecraft.wooden_pickaxe":1,"stat.pickup.lycanitesmobs.raw_joust_meat":21,"stat.craftItem.minecraft.bed":1,"salamander.kill":1,"stat.pickup.cyclicmagic.item_pump":25,"stat.craftItem.cyclicmagic.energy_pump":2,"stat.useItem.extrabows.emerald_bow":869,"stat.furnaceInteraction":222,"stat.killEntity.ZombieVillager":2,"stat.pickup.minecraft.nether_brick":3,"stat.useItem.simpleores.adamantium_axe":192,"stat.pickup.minecraft.beef":6,"stat.mineBlock.torchmaster.feral_flare_lantern":2,"stat.useItem.quark.marble":667,"stat.pickup.lycanitesmobs.spectralboltcharge":17,"stat.useItem.minecraft.dark_oak_door":3,"pinky.kill":14,"stat.pickup.minecraft.potion":1,"stat.mineBlock.simpleores.tin_ore":23,"stat.pickup.mowziesmobs.barakoa_mask_rage":8,"stat.craftItem.ebwizardry.magic_wand":1,"stat.useItem.minecraft.flint_and_steel":1,"stat.pickup.cyclicmagic.energy_pump":2,"stat.killEntity.Husk":69,"stat.craftItem.minecraft.dropper":2,"stat.pickup.minecraft.emerald":61,"stat.useItem.minecraft.dye":67,"stat.pickup.lycanitesmobs.raw_krake_meat":2,"nymph.kill":1,"stat.deaths":3,"stat.pickup.mowziesmobs.barakoa_mask_fury":2,"stat.pickup.minecraft.egg":3,"stat.mineBlock.minecraft.stone_pressure_plate":1,"stat.mineBlock.cyclicmagic.nether_lapis_ore":31,"stat.craftItem.minecraft.iron_pickaxe":1,"stat.pickup.minecraft.glass_pane":34,"stat.mineBlock.minecraft.tallgrass":486,"stat.craftItem.minecraft.cooked_mutton":14,"stat.useItem.ironfurnaces.gold_furnace_idle":15,"stat.craftItem.simpleores.adamantium_axe":2,"stat.pickup.minecraft.cooked_mutton":110,"stat.chestOpened":192,"crusk.kill":1,"stat.pickup.minecraft.arrow":108,"maka.kill":12,"stat.killEntity.Ghast":3,"stat.pickup.quark.jasper":1,"stat.pickup.minecraft.gold_nugget":1843,"geist.kill":1,"stat.craftItem.supertools.hammerstone":4,"stat.pickup.minecraft.carrot":1,"stat.pickup.lycanitesmobs.doomfireballcharge":24,"stat.crouchOneCm":45507,"stat.mineBlock.minecraft.chest":4,"stat.craftItem.minecraft.iron_ingot":68,"stat.craftingTableInteraction":66,"stat.pickup.minecraft.nether_brick_fence":4,"stat.mineBlock.minecraft.log2":298,"stat.pickup.minecraft.wooden_pickaxe":2,"stat.pickup.ebwizardry.identification_scroll":5,"stat.pickup.minecraft.dye":224,"stat.pickup.minecraft.planks":98,"stat.pickup.minecraft.wheat_seeds":81,"stat.mineBlock.simpleores.mythril_ore":14,"stat.mineBlock.minecraft.dirt":326,"stat.useItem.minecraft.cobblestone":117,"stat.pickup.minecraft.magma":107,"stat.pickup.lycanitesmobs.embercharge":6,"stat.useItem.lycanitesmobs.cooked_krake_meat":1,"stat.mineBlock.minecraft.double_plant":1,"stat.useItem.quark.variant_sapling":7,"stat.useItem.torchmaster.feral_flare_lantern":29,"stat.useItem.ebwizardry.apprentice_fire_wand":26,"stat.pickup.minecraft.chicken":5,"stat.pickup.quark.soul_bead":14,"stat.useItem.minecraft.glass_pane":151,"stat.pickup.minecraft.banner":4,"stat.craftItem.minecraft.planks":444,"stat.useItem.minecraft.acacia_boat":8,"stat.pickup.extrautils2.filter":64,"stat.pickup.minecraft.stone_sword":1,"stat.useItem.minecraft.stonebrick":2435,"stat.pickup.minecraft.book":57,"stat.mineBlock.minecraft.log":88,"stat.pickup.supertools.hammerstone":2,"stat.craftItem.minecraft.paper":3,"stat.pickup.minecraft.red_flower":15,"stat.pickup.minecraft.wool":57,"stat.useItem.minecraft.wooden_axe":118,"stat.pickup.extrautils2.pipe":18,"lacedon.kill":1,"stat.pickup.lycanitesmobs.sprigganheart":1,"stat.pickup.minecraft.bookshelf":38,"stat.useItem.minecraft.iron_axe":2,"stat.useItem.simpleores.onyx_pickaxe":5,"stat.mineBlock.minecraft.cobblestone":12,"stat.pickup.minecraft.stone_pickaxe":1,"stat.pickup.minecraft.flint":21,"raiko.kill":1,"stat.useItem.cyclicmagic.cyclic_wand_build":11,"stat.craftItem.minecraft.wool":3,"stat.mineBlock.ironfurnaces.gold_furnace_idle":15,"stat.pickup.minecraft.cooked_porkchop":37,"stat.mineBlock.cyclicmagic.nether_diamond_ore":8,"stat.mineBlock.cyclicmagic.nether_iron_ore":52,"stat.useItem.minecraft.obsidian":10,"stat.mineBlock.ironchest.iron_chest":20,"stat.useItem.minecraft.stone_slab2":147,"stat.craftItem.simpleores.adamantium_ingot":21,"stat.pickup.minecraft.bow":6,"stat.mineBlock.cyclicmagic.energy_pump":2,"stat.craftItem.ebwizardry.novice_necromancy_wand":2,"stat.craftItem.minecraft.furnace":4,"stat.craftItem.minecraft.iron_boots":1,"stat.craftItem.minecraft.cooked_beef":13,"stat.pickup.simpleores.copper_ore":14,"stat.mineBlock.minecraft.obsidian":14,"stat.pickup.quark.black_ash":38,"cryptkeeper.kill":2,"stat.craftItem.cyclicmagic.battery":1,"sutiramu.kill":7,"stat.flyOneCm":2978174,"stat.pickup.minecraft.sandstone":19,"stat.pickup.minecraft.fish":28,"stat.craftItem.simpleores.adamantium_sword":2,"stat.timeSinceDeath":99730,"stat.useItem.simpleores.onyx_sword":258,"stat.pickup.ebwizardry.arcane_workbench":1,"stat.craftItem.ebwizardry.magic_crystal":22,"stat.craftItem.minecraft.stonebrick":256,"stat.pickup.travelersbackpack.travelers_backpack":5,"stat.pickup.minecraft.nether_wart":21,"stat.mineBlock.minecraft.enchanting_table":1,"stat.mineBlock.minecraft.coal_ore":120,"stat.killEntity.Creeper":38,"stat.pickup.extrautils2.ingredients":138,"stat.talkedToVillager":7,"stat.pickup.minecraft.string":70,"stat.pickup.lycanitesmobs.stryderheart":1,"stat.craftItem.ebwizardry.spell_book":10,"stat.pickup.ebwizardry.magic_wand":1,"grue.kill":6,"stat.pickup.lycanitesmobs.scorchfireballcharge":1,"stat.useItem.minecraft.dragon_egg":3,"stat.sprintOneCm":2230809,"stat.useItem.minecraft.diamond_shovel":545,"stat.mineBlock.minecraft.stone_slab":12,"stat.craftItem.minecraft.wooden_axe":5,"stat.pickup.minecraft.bone_block":7,"stat.killEntity.ebwizardry:evil_wizard":8,"stat.pickup.quark.stonebrick_wall":39,"stat.mineBlock.extrautils2.machine":2,"stat.pickup.extrautils2.passivegenerator":4,"stat.useItem.carryon.tile_item":28,"stat.mineBlock.minecraft.diamond_ore":8,"stat.pickup.simpleores.onyx_gem":88,"stat.pickup.mowziesmobs.barakoa_mask_fear":2,"stat.mineBlock.quark.marble":93,"stat.pickup.minecraft.sugar":6,"stat.pickup.ebwizardry.ruined_spell_book":5,"stat.useItem.minecraft.banner":2,"joust.kill":11,"stat.killEntity.Zombie":29,"stat.craftItem.minecraft.dye":1,"stat.diveOneCm":121131,"stat.mineBlock.minecraft.mossy_cobblestone":7,"stat.pickup.extrautils2.machine":2,"gorgomite.kill":8,"cephignis.kill":1,"stat.mineBlock.simpleores.onyx_ore":41,"stat.craftItem.minecraft.cooked_porkchop":38,"clink.kill":10,"abaia.kill":6,"stat.mineBlock.extrautils2.resonator":3,"stat.pickup.minecraft.obsidian":30,"stat.useItem.minecraft.rotten_flesh":13,"stat.jump":9645,"stat.useItem.minecraft.sand":6,"stat.pickup.minecraft.coal":724,"stat.pickup.minecraft.iron_ingot":21,"stat.pickup.extrautils2.indexer":2,"stat.pickup.minecraft.gunpowder":25,"stat.craftItem.minecraft.torch":356,"stat.pickup.minecraft.dirt":455,"stat.useItem.minecraft.glass":16,"roc.kill":1,"reaper.kill":6,"stat.killEntity.quark:wraith":14,"lobber.kill":1,"stat.mineBlock.minecraft.glass_pane":19,"stat.damageTaken":8746,"stat.useItem.minecraft.stone_brick_stairs":187,"stat.mineBlock.minecraft.torch":14,"stat.mineBlock.minecraft.red_flower":1,"stat.tradedWithVillager":29,"stat.pickup.minecraft.magma_cream":2,"stat.pickup.ebwizardry.crystal_flower":15,"stat.pickup.minecraft.log2":396,"stat.pickup.minecraft.bed":6,"stat.craftItem.simpleores.mythril_axe":2,"stat.useItem.forge.bucketfilled":1,"stat.pickup.ironfurnaces.iron_furnace_idle":1,"stat.entityKilledBy.Zombie":1,"stat.pickup.minecraft.rabbit_hide":3,"stat.pickup.lycanitesmobs.faeboltcharge":6,"stat.killEntity.Silverfish":6,"stat.pickup.cyclicmagic.charm_wing":1,"stat.useItem.extrautils2.resonator":1,"stat.pickup.simpleores.adamantium_ingot":3,"stat.pickup.simpleores.mythril_ore":14,"stat.pickup.lycanitesmobs.lightballcharge":2,"stat.pickup.lycanitesmobs.aetherwavecharge":31,"stat.pickup.minecraft.rabbit_foot":3,"herma.kill":1,"stat.killEntity.quark:pirate":10,"stat.useItem.simpleores.adamantium_pickaxe":813,"stat.pickup.mowziesmobs.barako_mask":2,"stat.craftItem.minecraft.iron_chestplate":2,"stat.pickup.minecraft.ender_pearl":21,"stat.useItem.supertools.hammerstone":330,"stat.useItem.cyclicmagic.item_pipe":6,"stat.pickup.minecraft.cooked_beef":40,"stat.useItem.minecraft.netherrack":29,"stat.craftItem.travelersbackpack.sleeping_bag_bottom":1,"stat.mineBlock.minecraft.stonebrick":439,"stat.killEntity.quark:dweller":9,"stat.mobKills":868,"stat.mineBlock.minecraft.bookshelf":57,"stat.useItem.minecraft.boat":5,"stat.pickup.minecraft.diamond":31,"stat.pickup.minecraft.torch":33,"stat.killEntity.ebwizardry:remnant":2,"stat.craftItem.spartanshields.shield_tower_iron":1,"stat.mineBlock.ebwizardry.crystal_flower":13,"erepede.kill":2,"stat.useItem.minecraft.bookshelf":70,"stat.useItem.lycanitesmobs.cooked_maka_meat":7,"stat.craftItem.minecraft.iron_axe":1,"stat.killEntity.Blaze":30,"stat.mineBlock.cyclicmagic.item_pipe":6,"stat.craftItem.ebwizardry.apprentice_earth_wand":2,"ventoraptor.kill":1,"stat.useItem.minecraft.planks":62,"stat.pickup.minecraft.glowstone_dust":95,"stat.pickup.minecraft.porkchop":38,"stat.pickup.minecraft.blaze_powder":12,"stat.pickup.minecraft.glass":192,"stat.mineBlock.ironfurnaces.iron_furnace_idle":1,"stat.pickup.spartanshields.shield_basic_wood":2,"stat.mineBlock.minecraft.stone_brick_stairs":87,"stat.mineBlock.minecraft.nether_brick_fence":4,"stat.pickup.minecraft.sand":688,"stat.pickup.lycanitesmobs.hellfireballcharge":5,"stat.useItem.quark.stonebrick_wall":21,"stat.pickup.lycanitesmobs.aquapulsecharge":8,"shade.kill":1,"stat.craftItem.minecraft.stone_sword":1,"stat.pickup.ebwizardry.spectral_dust":1,"stat.pickup.mowziesmobs.barakoa_mask_misery":1,"stat.mineBlock.minecraft.sand":362,"stat.pickup.quark.marble":121,"stat.craftItem.spartanshields.shield_basic_wood":3,"stat.pickup.lycanitesmobs.clinkscythe":1,"stat.pickup.simpleores.adamantium_axe":1,"stat.craftItem.simpleores.mythril_ingot":23,"stat.pickup.lycanitesmobs.devilstarcharge":10,"stat.useItem.extrautils2.pipe":29,"stat.useItem.minecraft.cooked_mutton":69,"stat.pickup.minecraft.furnace":2,"aegis.kill":3,"stat.craftItem.travelersbackpack.travelers_backpack":1,"stat.useItem.minecraft.stone_stairs":73,"stat.pickup.minecraft.skull":10,"stat.mineBlock.extrautils2.passivegenerator":4,"stat.killEntity.Horse":1,"stat.pickup.minecraft.stone_stairs":2,"afrit.kill":2,"stat.pickup.minecraft.fermented_spider_eye":3,"stat.craftItem.minecraft.heavy_weighted_pressure_plate":2,"stat.pickup.ironchest.iron_chest":20,"stat.useItem.extrautils2.glasscutter":12,"stat.playOneMinute":1140783,"stat.pickup.minecraft.blaze_rod":12,"stat.craftItem.eplus.advanced_table":1,"stat.pickup.eplus.advanced_table":2,"stat.pickup.minecraft.netherrack":358,"stat.mineBlock.minecraft.netherrack":394,"stat.useItem.minecraft.experience_bottle":576,"stat.pickup.minecraft.cooked_chicken":19,"stat.fallOneCm":371304,"stat.pickup.simpleores.tin_ore":22,"stat.useItem.ebwizardry.jungle_bookshelf":4,"stat.pickup.ebwizardry.jungle_bookshelf":1,"stat.pickup.simpleores.adamantium_sword":1,"stat.craftItem.minecraft.chest":1,"stat.mineBlock.quark.variant_sapling":4,"stat.useItem.cyclicmagic.inventory_food":1,"stat.useItem.lycanitesmobs.cooked_joust_meat":4,"jengu.kill":2,"stat.craftItem.quark.marble":256,"wisp.kill":3,"sylph.kill":12,"stat.pickup.minecraft.feather":62,"stat.mineBlock.extrautils2.indexer":2,"stat.pickup.theoneprobe.probenote":5,"stat.mineBlock.minecraft.gravel":6,"stat.useItem.minecraft.stone_pickaxe":86,"stat.useItem.minecraft.stone_sword":19,"stat.craftItem.minecraft.iron_leggings":1,"stat.killEntity.Rabbit":5,"stat.useItem.minecraft.wool":1,"stat.pickup.quark.variant_leaves":114,"stat.mineBlock.simpleores.copper_ore":13,"stat.useItem.minecraft.torch":107,"stat.useItem.extrautils2.grocket":8,"stat.pickup.minecraft.iron_nugget":718,"stat.craftItem.minecraft.redstone_block":20,"joustalpha.kill":2,"stat.craftItem.minecraft.stone_stairs":160,"stat.useItem.ironchest.iron_chest":36,"stat.pickup.minecraft.crafting_table":5,"stat.useItem.minecraft.log":14,"stat.craftItem.minecraft.crafting_table":1,"stat.craftItem.minecraft.boat":2,"stat.killEntity.LavaSlime":38,"stat.mineBlock.ebwizardry.crystal_ore":8,"stat.pickup.extrautils2.grocket":8,"stat.pickup.minecraft.redstone_block":20,"stat.killEntity.quark:foxhound":10,"stat.pickup.minecraft.log":152,"stat.mineBlock.eplus.advanced_table":2,"stat.useItem.minecraft.cooked_fish":10,"stat.pickup.lycanitesmobs.waterjetcharge":3,"stat.pickup.ironfurnaces.gold_furnace_idle":15,"stat.pickup.minecraft.sapling":79,"stat.useItem.quark.variant_leaves":39,"stat.useItem.simpleores.mythril_axe":5,"stat.craftItem.spartanshields.shield_tower_wood":1,"stat.craftItem.simpleores.adamantium_pickaxe":1,"stat.killEntity.WitherSkeleton":23,"stat.mineBlock.simpleores.adamantium_ore":6,"stat.pickup.lycanitesmobs.lifedraincharge":2,"stat.pickup.minecraft.golden_sword":3,"stat.craftItem.minecraft.cooked_chicken":6,"stat.pickup.lycanitesmobs.cleansingcrystal":3,"stat.pickup.quark.variant_sapling":105,"stat.sneakTime":13191,"stat.pickup.minecraft.rabbit":4,"stat.pickup.minecraft.stone_slab":76,"stat.pickup.quark.pirate_hat":4,"stat.pickup.minecraft.chest":4,"stat.craftItem.minecraft.enchanting_table":1,"stat.pickup.minecraft.bone":159,"stat.pickup.minecraft.stone_pressure_plate":1,"stat.mineBlock.quark.variant_leaves":86,"stat.useItem.minecraft.log2":255,"stat.swimOneCm":74429,"trite.kill":21,"stat.useItem.minecraft.dirt":54,"stat.pickup.ebwizardry.amulet_channeling":1,"stat.mineBlock.quark.stonebrick_wall":3,"stat.craftItem.simpleores.onyx_sword":1,"stat.pickup.minecraft.enchanting_table":1,"stat.craftItem.spartanshields.shield_basic_iron":1,"stat.craftItem.minecraft.stone_pickaxe":40,"stat.mineBlock.minecraft.magma":114,"stat.pickup.minecraft.cobblestone":2451,"stat.useItem.minecraft.stone_shovel":131,"stat.pickup.minecraft.soul_sand":3,"stat.useItem.cyclicmagic.item_pump":29,"stat.mineBlock.quark.custom_chest":6,"stat.useItem.minecraft.cooked_beef":31,"stat.pickup.minecraft.cactus":3,"stat.pickup.minecraft.dragon_egg":1,"stat.pickup.minecraft.acacia_boat":9,"stat.pickup.minecraft.redstone":209,"stat.mineBlock.minecraft.iron_ore":57,"stat.craftItem.minecraft.book":1,"stat.useItem.minecraft.sign":4,"stat.pickup.minecraft.mutton":26,"stat.pickup.minecraft.mossy_cobblestone":7,"stat.mineBlock.ebwizardry.arcane_workbench":1,"stat.pickup.minecraft.wooden_axe":3,"stat.pickup.simpleores.adamantium_pickaxe":1,"stat.pickup.minecraft.stonebrick":510,"krake.kill":1,"stat.pickup.ebwizardry.magic_crystal":256,"stat.useItem.minecraft.cooked_porkchop":25,"stat.mineBlock.minecraft.nether_brick":9,"stat.craftItem.minecraft.stone_slab2":0,"stat.mineBlock.cyclicmagic.nether_gold_ore":308,"stat.craftItem.minecraft.stick":228,"stat.useItem.extrautils2.passivegenerator":311,"stat.pickup.cyclicmagic.book_ender":1,"stat.useItem.cyclicmagic.crafting_food":1,"stat.useItem.minecraft.stone_slab":12,"stat.useItem.minecraft.bed":4,"stat.craftItem.minecraft.stone":256,"stat.mineBlock.minecraft.crafting_table":4,"stat.mineBlock.ebwizardry.jungle_bookshelf":1,"stat.pickup.extrautils2.resonator":3,"stat.useItem.minecraft.diamond_pickaxe":762,"stat.killEntity.Endermite":1,"vorach.kill":2,"stat.killEntity.ebwizardry:wizard":1,"stat.mineBlock.minecraft.planks":2,"stat.pickup.lycanitesmobs.raw_pinky_meat":15,"stat.killEntity.Sheep":53,"stat.pickup.minecraft.slime_ball":36,"stat.craftItem.minecraft.diamond_pickaxe":1,"stat.mineBlock.cyclicmagic.nether_redstone_ore":8,"stat.useItem.extrautils2.machine":1,"stat.pickup.minecraft.gravel":6,"stat.killEntity.Slime":56,"stat.mineBlock.minecraft.deadbush":1,"stat.pickup.minecraft.stone_brick_stairs":105,"stat.craftItem.travelersbackpack.backpack_tank":2,"archvile.kill":4,"stat.useItem.minecraft.stone_axe":27,"stat.pickup.minecraft.spider_eye":32,"stat.craftItem.minecraft.iron_helmet":1,"stat.useItem.minecraft.cooked_chicken":2,"stat.pickup.minecraft.iron_ore":82,"stat.mineBlock.cyclicmagic.item_pump":25,"stat.boatOneCm":9543,"stat.craftItem.minecraft.flint_and_steel":1,"stat.pickup.quark.custom_chest":6,"stat.mineBlock.minecraft.leaves2":3,"stat.mineBlock.minecraft.stone_stairs":2,"stat.pickup.minecraft.leather":58,"stat.pickup.lycanitesmobs.raw_maka_meat":15,"stat.mineBlock.minecraft.furnace":2,"stat.useItem.minecraft.wooden_pickaxe":19,"stat.dispenserInspected":3,"stat.pickup.minecraft.prismarine_shard":2,"behemoth.kill":7,"stat.pickup.minecraft.reeds":3,"stat.damageDealt":44575,"stat.craftItem.minecraft.glass":14,"stat.sleepInBed":20,"stat.craftItem.ebwizardry.apprentice_fire_wand":1,"stat.killEntity.Cow":14,"stat.killEntity.Pig":21,"stat.craftItem.minecraft.stone_shovel":1,"stat.pickup.minecraft.boat":5,"stat.walkOneCm":5645746,"stat.useItem.quark.custom_chest":3,"stat.pickup.minecraft.stick":11,"stat.craftItem.quark.custom_chest":4,"stat.pickup.minecraft.clay_ball":1,"spriggan.kill":1,"stat.useItem.ebwizardry.arcane_workbench":3,"stat.craftItem.minecraft.writable_book":1,"stat.pickup.minecraft.stone":352,"stat.useItem.simpleores.adamantium_sword":108,"stat.pickup.lycanitesmobs.gammasphere":1,"stat.pickup.minecraft.gold_ingot":112,"stat.killEntity.Skeleton":71,"stat.killEntity.Chicken":13,"stat.pickup.cyclicmagic.item_pipe":6,"stat.killEntity.Spider":51,"stat.mineBlock.minecraft.quartz_ore":60,"stat.pickup.minecraft.quartz":136,"stat.pickup.mowziesmobs.barakoa_mask_bliss":3,"belph.kill":17,"cinder.kill":1,"stat.pickup.ebwizardry.apprentice_earth_wand":1,"stat.mineBlock.minecraft.redstone_ore":41,"stat.mineBlock.minecraft.bone_block":7,"astaroth.kill":4,"stat.killEntity.quark:ashen":4,"stat.mineBlock.minecraft.stone":2276}