{"stat.useItem.minecraft.bow":1,"stat.leaveGame":3,"darkling.kill":1,"stat.mineBlock.ebwizardry.crystal_flower":7,"stat.pickup.extrautils2.redorchid":2,"stat.pickup.ebwizardry.spell_book":3,"stat.mineBlock.minecraft.sandstone":47,"stat.killEntity.PigZombie":3,"stat.craftItem.minecraft.shield":1,"stat.pickup.simpleores.adamantium_ore":13,"balayang.kill":1,"stat.pickup.minecraft.glowstone_dust":14,"stat.pickup.minecraft.porkchop":30,"stat.pickup.spartanshields.shield_basic_wood":1,"stat.drop.travelersbackpack.travelers_backpack":1,"stat.pickup.minecraft.rotten_flesh":73,"stat.pickup.minecraft.sand":90,"stat.entityKilledBy.Spider":1,"stat.craftItem.minecraft.stone_axe":1,"stat.killEntity.Enderman":5,"stat.craftItem.minecraft.stone_sword":1,"stat.pickup.lycanitesmobs.throwingscythecharge":19,"stat.pickup.mowziesmobs.barakoa_mask_misery":1,"stat.mineBlock.minecraft.sand":1,"stat.killEntity.Witch":3,"stat.pickup.quark.tallow":58,"stat.useItem.minecraft.iron_pickaxe":20,"stat.pickup.minecraft.stained_hardened_clay":7,"stat.pickup.lycanitesmobs.clinkscythe":2,"stat.pickup.simpleores.adamantium_axe":1,"stat.useItem.ebwizardry.magic_wand":2,"stat.useItem.simpleores.onyx_axe":202,"stat.craftItem.simpleores.onyx_boots":1,"stat.furnaceInteraction":21,"stat.drop.extrautils2.redorchid":1,"stat.killEntity.ZombieVillager":1,"stat.craftItem.simpleores.mythril_helmet":1,"stat.pickup.minecraft.nether_brick":2,"stat.useItem.simpleores.adamantium_axe":19,"stat.pickup.minecraft.beef":8,"stat.mineBlock.ebwizardry.runestone":8,"stat.pickup.quark.crab_leg":1,"stat.useItem.minecraft.cooked_mutton":11,"stat.mineBlock.minecraft.stained_hardened_clay":7,"stat.pickup.minecraft.potion":1,"stat.mineBlock.simpleores.tin_ore":16,"stat.pickup.mowziesmobs.barakoa_mask_rage":3,"stat.killEntity.Husk":25,"stat.craftItem.simpleores.onyx_helmet":1,"stat.drop.simpleores.mythril_axe":1,"stat.pickup.minecraft.emerald":3,"stat.mineBlock.minecraft.soul_sand":2,"stat.deaths":13,"stat.pickup.mowziesmobs.barakoa_mask_fury":1,"stat.playOneMinute":482161,"stat.mineBlock.cyclicmagic.nether_lapis_ore":11,"stat.mineBlock.minecraft.tallgrass":238,"stat.pickup.minecraft.netherrack":119,"stat.craftItem.simpleores.adamantium_axe":1,"stat.pickup.minecraft.cooked_mutton":15,"stat.chestOpened":55,"stat.useItem.minecraft.cooked_rabbit":1,"stat.killEntity.quark:crab":2,"stat.mineBlock.minecraft.netherrack":34,"stat.pickup.minecraft.arrow":34,"stat.drop.simpleores.adamantium_ingot":3,"stat.pickup.minecraft.gold_nugget":39,"stat.craftItem.levelhearts.heart_container":1,"stat.fallOneCm":136314,"stat.pickup.simpleores.tin_ore":16,"stat.crouchOneCm":8218,"stat.craftItem.minecraft.iron_ingot":41,"stat.pickup.simpleores.adamantium_sword":2,"stat.craftItem.simpleores.onyx_chestplate":1,"stat.craftingTableInteraction":20,"stat.useItem.cyclicmagic.inventory_food":1,"jengu.kill":3,"stat.drop.quark.tallow":11,"stat.mineBlock.minecraft.log2":32,"stat.pickup.minecraft.wooden_pickaxe":1,"stat.pickup.minecraft.feather":13,"stat.drop.supertools.hammerstone":1,"stat.drop.minecraft.bone":13,"stat.pickup.theoneprobe.probenote":5,"stat.pickup.minecraft.dye":20,"stat.pickup.minecraft.planks":14,"stat.drop.simpleores.adamantium_sword":1,"stat.pickup.minecraft.wheat_seeds":33,"stat.mineBlock.simpleores.mythril_ore":39,"stat.mineBlock.minecraft.gravel":1,"stat.useItem.minecraft.stone_pickaxe":218,"stat.useItem.minecraft.stone_sword":44,"stat.craftItem.minecraft.iron_leggings":1,"stat.killEntity.Rabbit":4,"stat.mineBlock.minecraft.dirt":30,"stat.mineBlock.simpleores.copper_ore":28,"stat.useItem.minecraft.torch":4,"feradon.kill":1,"stat.drop.minecraft.rotten_flesh":5,"stat.useItem.minecraft.cobblestone":143,"stat.craftItem.minecraft.crafting_table":1,"stat.mineBlock.minecraft.double_plant":6,"stat.mineBlock.ebwizardry.crystal_ore":13,"stat.mineBlock.cyclicmagic.nether_emerald_ore":4,"stat.pickup.minecraft.log":29,"stat.pickup.minecraft.iron_pickaxe":1,"stat.drop.minecraft.iron_ore":1,"stat.drop.minecraft.sapling":15,"stat.pickup.minecraft.chicken":3,"stat.pickup.minecraft.sapling":43,"stat.pickup.minecraft.apple":2,"stat.useItem.simpleores.mythril_axe":23,"stat.craftItem.minecraft.planks":20,"stat.useItem.minecraft.iron_sword":136,"stat.pickup.quark.root":1,"stat.craftItem.simpleores.adamantium_pickaxe":1,"stat.pickup.minecraft.stone_sword":1,"stat.mineBlock.simpleores.adamantium_ore":15,"stat.mineBlock.minecraft.log":28,"stat.pickup.supertools.hammerstone":3,"stat.pickup.minecraft.red_flower":2,"stat.sneakTime":5952,"stat.pickup.minecraft.wool":2,"stat.pickup.minecraft.rabbit":2,"stat.entityKilledBy.Blaze":1,"stat.useItem.minecraft.wooden_axe":33,"stat.mineBlock.quark.jasper":1,"stat.pickup.minecraft.bone":73,"stat.pickup.minecraft.stone_pressure_plate":2,"stat.drop.minecraft.glowstone_dust":2,"stat.pickup.minecraft.flint":2,"raiko.kill":1,"stat.craftItem.simpleores.onyx_leggings":1,"stat.swimOneCm":101973,"stat.climbOneCm":2034,"stat.pickup.minecraft.cooked_porkchop":25,"stat.mineBlock.cyclicmagic.nether_diamond_ore":4,"stat.mineBlock.quark.roots":1,"trite.kill":1,"stat.useItem.minecraft.stone_slab2":7,"stat.pickup.minecraft.bow":6,"stat.drop.theoneprobe.probenote":3,"stat.craftItem.minecraft.iron_boots":1,"stat.craftItem.minecraft.stone_pickaxe":1,"stat.pickup.simpleores.copper_ore":30,"stat.pickup.minecraft.cobblestone":577,"cryptkeeper.kill":1,"stat.mineBlock.minecraft.clay":5,"sutiramu.kill":2,"stat.flyOneCm":592718,"stat.pickup.minecraft.sandstone":77,"stat.pickup.minecraft.soul_sand":2,"stat.craftItem.simpleores.mythril_boots":1,"stat.pickup.useless_sword.magmasword":1,"stat.useItem.minecraft.cooked_beef":21,"stat.pickup.minecraft.redstone":2,"stat.mineBlock.minecraft.iron_ore":78,"stat.timeSinceDeath":1072,"stat.pickup.minecraft.mossy_cobblestone":1,"stat.useItem.useless_sword.magmasword":103,"stat.craftItem.ebwizardry.magic_crystal":2,"stat.useItem.quark.root":1,"stat.drop.minecraft.coal":7,"stat.pickup.travelersbackpack.travelers_backpack":4,"stat.useItem.minecraft.potato":1,"stat.pickup.minecraft.wooden_axe":2,"stat.pickup.minecraft.nether_wart":2,"stat.pickup.simpleores.adamantium_pickaxe":1,"stat.drop.minecraft.dirt":4,"stat.useItem.minecraft.cooked_porkchop":24,"stat.pickup.ebwizardry.magic_crystal":29,"stat.mineBlock.minecraft.coal_ore":148,"stat.mineBlock.minecraft.nether_brick":3,"stat.killEntity.Creeper":1,"stat.pickup.minecraft.string":31,"grue.kill":2,"stat.entityKilledBy.Skeleton":1,"stat.killEntity.Squid":1,"stat.sprintOneCm":1480415,"stat.mineBlock.cyclicmagic.nether_gold_ore":8,"stat.craftItem.minecraft.stick":24,"stat.pickup.cyclicmagic.book_ender":1,"stat.useItem.cyclicmagic.crafting_food":1,"stat.mineBlock.minecraft.diamond_ore":4,"stat.pickup.mowziesmobs.barakoa_mask_fear":2,"stat.useItem.minecraft.diamond_pickaxe":293,"stat.pickup.minecraft.diamond_chestplate":1,"stat.drop":78,"stat.pickup.ebwizardry.ruined_spell_book":3,"stat.useItem.ebwizardry.novice_necromancy_wand":1,"stat.pickup.minecraft.slime_ball":15,"stat.craftItem.minecraft.diamond_pickaxe":1,"stat.killEntity.Zombie":17,"stat.mineBlock.minecraft.gold_ore":6,"stat.diveOneCm":254134,"stat.pickup.minecraft.wheat":1,"stat.mineBlock.minecraft.mossy_cobblestone":1,"gorgomite.kill":2,"stat.pickup.minecraft.gravel":1,"stat.drop.simpleores.adamantium_axe":1,"stat.killEntity.Slime":14,"clink.kill":4,"stat.useItem.minecraft.apple":2,"stat.useItem.minecraft.porkchop":17,"stat.drop.minecraft.cooked_porkchop":1,"stat.useItem.minecraft.sand":12,"stat.jump":6140,"stat.pickup.minecraft.coal":75,"stat.pickup.minecraft.iron_ingot":11,"stat.pickup.minecraft.gunpowder":12,"stat.pickup.ebwizardry.poison_bomb":1,"stat.pickup.minecraft.spider_eye":12,"stat.pickup.minecraft.dirt":51,"stat.craftItem.minecraft.iron_helmet":1,"stat.useItem.minecraft.cooked_chicken":12,"stat.pickup.minecraft.iron_ore":76,"roc.kill":2,"ioray.kill":2,"stat.mineBlock.minecraft.leaves2":2,"stat.damageTaken":10959,"stat.drop.simpleores.copper_ore":6,"stat.pickup.minecraft.leather":15,"stat.useItem.ebwizardry.apprentice_earth_wand":8,"stat.pickup.ebwizardry.scroll":1,"stat.mineBlock.minecraft.torch":3,"stat.mineBlock.minecraft.red_flower":3,"stat.useItem.minecraft.wooden_pickaxe":31,"stat.pickup.minecraft.log2":26,"stat.pickup.ebwizardry.crystal_flower":7,"stat.pickup.minecraft.potato":2,"stat.damageDealt":27234,"stat.sleepInBed":3,"stat.killEntity.Cow":10,"stat.killEntity.Pig":21,"stat.craftItem.minecraft.iron_sword":1,"stat.pickup.minecraft.boat":1,"stat.walkOneCm":2084201,"stat.pickup.simpleores.mythril_ore":35,"stat.pickup.minecraft.clay_ball":26,"stat.useItem.minecraft.tnt":7,"stat.pickup.lycanitesmobs.aetherwavecharge":4,"stat.pickup.lycanitesmobs.quillcharge":3,"stat.drop.minecraft.netherrack":1,"stat.pickup.minecraft.tnt":11,"stat.useItem.simpleores.adamantium_pickaxe":155,"stat.drop.simpleores.tin_ore":1,"stat.pickup.minecraft.stone":2,"stat.craftItem.minecraft.iron_chestplate":1,"stat.useItem.simpleores.adamantium_sword":284,"stat.pickup.minecraft.ender_pearl":6,"stat.useItem.supertools.hammerstone":142,"stat.pickup.minecraft.cooked_beef":21,"stat.useItem.minecraft.netherrack":15,"stat.pickup.simpleores.mythril_axe":1,"stat.pickup.cyclicmagic.charm_antidote":1,"stat.killEntity.Skeleton":27,"stat.mineBlock.minecraft.tnt":11,"stat.killEntity.ebwizardry:spirit_wolf":1,"stat.killEntity.Chicken":3,"stat.pickup.cyclicmagic.glove_climb":1,"stat.killEntity.Spider":22,"stat.mineBlock.minecraft.quartz_ore":3,"stat.craftItem.simpleores.onyx_axe":1,"stat.pickup.ebwizardry.runestone":6,"stat.killEntity.quark:dweller":6,"stat.mobKills":234,"stat.pickup.minecraft.quartz":1,"stat.pickup.mowziesmobs.barakoa_mask_bliss":2,"stat.useItem.minecraft.golden_apple":2,"stat.useItem.minecraft.boat":1,"stat.pickup.minecraft.diamond":11,"stat.mineBlock.minecraft.leaves":22,"stat.pickup.ebwizardry.apprentice_earth_wand":1,"stat.craftItem.simpleores.mythril_leggings":1,"stat.pickup.minecraft.torch":20,"stat.killEntity.ebwizardry:remnant":1,"stat.killEntity.quark:ashen":2,"stat.mineBlock.minecraft.stone":1232,"stat.useItem.minecraft.sandstone":19}