{
  "minecraft:recipes/tools/fishing_rod": {
    "criteria": {
      "has_the_recipe": "2024-09-04 03:11:08 +0000"
    },
    "done": true
  },
  "minecraft:recipes/decorations/purple_stained_glass_pane": {
    "criteria": {
      "has_the_recipe": "2024-09-04 03:11:08 +0000"
    },
    "done": true
  },
  "minecraft:recipes/building_blocks/black_stained_glass": {
    "criteria": {
      "has_the_recipe": "2024-09-04 03:11:08 +0000"
    },
    "done": true
  },
  "minecraft:recipes/building_blocks/red_stained_hardened_clay": {
    "criteria": {
      "has_the_recipe": "2024-09-04 03:11:08 +0000"
    },
    "done": true
  },
  "minecraft:recipes/redstone/lever": {
    "criteria": {
      "has_the_recipe": "2024-09-04 03:11:08 +0000"
    },
    "done": true
  },
  "minecraft:recipes/building_blocks/acacia_wooden_slab": {
    "criteria": {
      "has_the_recipe": "2024-09-04 03:11:08 +0000"
    },
    "done": true
  },
  "minecraft:recipes/misc/magenta_dye_from_lilac": {
    "criteria": {
      "has_the_recipe": "2024-09-04 03:11:08 +0000"
    },
    "done": true
  },
  "minecraft:recipes/misc/light_blue_dye_from_blue_orchid": {
    "criteria": {
      "has_the_recipe": "2024-09-04 03:11:08 +0000"
    },
    "done": true
  },
  "minecraft:recipes/combat/iron_sword": {
    "criteria": {
      "has_the_recipe": "2024-09-04 03:11:08 +0000"
    },
    "done": true
  },
  "minecraft:recipes/redstone/observer": {
    "criteria": {
      "has_the_recipe": "2024-09-04 03:11:08 +0000"
    },
    "done": true
  },
  "minecraft:recipes/redstone/spruce_door": {
    "criteria": {
      "has_the_recipe": "2024-09-04 03:11:08 +0000"
    },
    "done": true
  },
  "minecraft:recipes/building_blocks/mossy_cobblestone": {
    "criteria": {
      "has_the_recipe": "2024-09-04 03:11:08 +0000"
    },
    "done": true
  },
  "minecraft:recipes/building_blocks/snow": {
    "criteria": {
      "has_the_recipe": "2024-09-04 03:11:08 +0000"
    },
    "done": true
  },
  "minecraft:recipes/misc/light_gray_dye_from_white_tulip": {
    "criteria": {
      "has_the_recipe": "2024-09-04 03:11:08 +0000"
    },
    "done": true
  },
  "minecraft:recipes/building_blocks/lime_concrete_powder": {
    "criteria": {
      "has_the_recipe": "2024-09-04 03:11:08 +0000"
    },
    "done": true
  },
  "simpleores:recipes/copper_armor": {
    "criteria": {
      "has_recipe2": "2024-09-04 03:11:08 +0000"
    },
    "done": true
  },
  "minecraft:recipes/building_blocks/nether_brick_slab": {
    "criteria": {
      "has_the_recipe": "2024-09-04 03:11:08 +0000"
    },
    "done": true
  },
  "minecraft:recipes/tools/iron_pickaxe": {
    "criteria": {
      "has_the_recipe": "2024-09-04 03:11:08 +0000"
    },
    "done": true
  },
  "minecraft:recipes/building_blocks/gray_stained_glass": {
    "criteria": {
      "has_the_recipe": "2024-09-04 03:11:08 +0000"
    },
    "done": true
  },
  "minecraft:recipes/redstone/spruce_fence_gate": {
    "criteria": {
      "has_the_recipe": "2024-09-04 03:11:08 +0000"
    },
    "done": true
  },
  "minecraft:recipes/building_blocks/yellow_concrete_powder": {
    "criteria": {
      "has_the_recipe": "2024-09-04 03:11:08 +0000"
    },
    "done": true
  },
  "minecraft:recipes/misc/pumpkin_seeds": {
    "criteria": {
      "has_the_recipe": "2024-09-04 03:11:08 +0000"
    },
    "done": true
  },
  "minecraft:recipes/combat/leather_helmet": {
    "criteria": {
      "has_the_recipe": "2024-09-04 03:11:08 +0000"
    },
    "done": true
  },
  "minecraft:recipes/decorations/crafting_table": {
    "criteria": {
      "has_the_recipe": "2024-09-04 03:11:08 +0000"
    },
    "done": true
  },
  "minecraft:recipes/building_blocks/mossy_stonebrick": {
    "criteria": {
      "has_the_recipe": "2024-09-04 03:11:08 +0000"
    },
    "done": true
  },
  "minecraft:recipes/building_blocks/magenta_wool": {
    "criteria": {
      "has_the_recipe": "2024-09-04 03:11:08 +0000"
    },
    "done": true
  },
  "minecraft:recipes/building_blocks/purple_stained_glass": {
    "criteria": {
      "has_the_recipe": "2024-09-04 03:11:08 +0000"
    },
    "done": true
  },
  "minecraft:recipes/misc/melon_seeds": {
    "criteria": {
      "has_the_recipe": "2024-09-04 03:11:08 +0000"
    },
    "done": true
  },
  "minecraft:recipes/misc/map": {
    "criteria": {
      "has_the_recipe": "2024-09-04 03:11:08 +0000"
    },
    "done": true
  },
  "minecraft:recipes/decorations/ladder": {
    "criteria": {
      "has_the_recipe": "2024-09-04 03:11:08 +0000"
    },
    "done": true
  },
  "minecraft:recipes/building_blocks/black_stained_hardened_clay": {
    "criteria": {
      "has_the_recipe": "2024-09-04 03:11:08 +0000"
    },
    "done": true
  },
  "minecraft:recipes/decorations/chest": {
    "criteria": {
      "has_the_recipe": "2024-09-04 03:11:08 +0000"
    },
    "done": true
  },
  "minecraft:recipes/combat/golden_sword": {
    "criteria": {
      "has_the_recipe": "2024-09-04 03:11:08 +0000"
    },
    "done": true
  },
  "minecraft:recipes/building_blocks/white_stained_hardened_clay": {
    "criteria": {
      "has_the_recipe": "2024-09-04 03:11:08 +0000"
    },
    "done": true
  },
  "minecraft:story/shiny_gear": {
    "criteria": {
      "diamond_leggings": "2024-09-05 03:09:53 +0000",
      "diamond_chestplate": "2024-09-05 03:09:53 +0000",
      "diamond_boots": "2024-09-05 03:09:53 +0000"
    },
    "done": true
  },
  "minecraft:recipes/decorations/magenta_stained_glass_pane": {
    "criteria": {
      "has_the_recipe": "2024-09-04 03:11:08 +0000"
    },
    "done": true
  },
  "minecraft:recipes/building_blocks/red_sandstone": {
    "criteria": {
      "has_the_recipe": "2024-09-04 03:11:08 +0000"
    },
    "done": true
  },
  "minecraft:recipes/tools/wooden_shovel": {
    "criteria": {
      "has_the_recipe": "2024-09-04 03:11:08 +0000"
    },
    "done": true
  },
  "minecraft:recipes/decorations/torch": {
    "criteria": {
      "has_the_recipe": "2024-09-04 03:11:08 +0000"
    },
    "done": true
  },
  "minecraft:recipes/building_blocks/purpur_stairs": {
    "criteria": {
      "has_the_recipe": "2024-09-04 03:11:08 +0000"
    },
    "done": true
  },
  "minecraft:recipes/tools/shears": {
    "criteria": {
      "has_the_recipe": "2024-09-04 03:11:08 +0000"
    },
    "done": true
  },
  "minecraft:recipes/building_blocks/lime_stained_hardened_clay": {
    "criteria": {
      "has_the_recipe": "2024-09-04 03:11:08 +0000"
    },
    "done": true
  },
  "minecraft:recipes/misc/stick": {
    "criteria": {
      "has_the_recipe": "2024-09-04 03:11:08 +0000"
    },
    "done": true
  },
  "minecraft:recipes/redstone/redstone_lamp": {
    "criteria": {
      "has_the_recipe": "2024-09-04 03:11:08 +0000"
    },
    "done": true
  },
  "minecraft:recipes/decorations/blue_carpet": {
    "criteria": {
      "has_the_recipe": "2024-09-04 03:11:08 +0000"
    },
    "done": true
  },
  "minecraft:recipes/redstone/dispenser": {
    "criteria": {
      "has_the_recipe": "2024-09-04 03:11:08 +0000"
    },
    "done": true
  },
  "minecraft:recipes/misc/pink_dye_from_red_bonemeal": {
    "criteria": {
      "has_the_recipe": "2024-09-04 03:11:08 +0000"
    },
    "done": true
  },
  "simpleores:recipes/adamantium_armor": {
    "criteria": {
      "has_recipe1": "2024-09-04 03:11:08 +0000"
    },
    "done": true
  },
  "minecraft:recipes/building_blocks/emerald_block": {
    "criteria": {
      "has_the_recipe": "2024-09-04 03:11:08 +0000"
    },
    "done": true
  },
  "minecraft:recipes/transportation/detector_rail": {
    "criteria": {
      "has_the_recipe": "2024-09-04 03:11:08 +0000"
    },
    "done": true
  },
  "minecraft:recipes/food/cake": {
    "criteria": {
      "has_the_recipe": "2024-09-04 03:11:08 +0000"
    },
    "done": true
  },
  "minecraft:recipes/building_blocks/dark_oak_planks": {
    "criteria": {
      "has_the_recipe": "2024-09-04 03:11:08 +0000"
    },
    "done": true
  },
  "minecraft:recipes/combat/iron_leggings": {
    "criteria": {
      "has_the_recipe": "2024-09-04 03:11:08 +0000"
    },
    "done": true
  },
  "minecraft:recipes/redstone/dark_oak_door": {
    "criteria": {
      "has_the_recipe": "2024-09-04 03:11:08 +0000"
    },
    "done": true
  },
  "minecraft:recipes/building_blocks/sandstone_stairs": {
    "criteria": {
      "has_the_recipe": "2024-09-04 03:11:08 +0000"
    },
    "done": true
  },
  "minecraft:recipes/building_blocks/nether_wart_block": {
    "criteria": {
      "has_the_recipe": "2024-09-04 03:11:08 +0000"
    },
    "done": true
  },
  "minecraft:recipes/brewing/golden_carrot": {
    "criteria": {
      "has_the_recipe": "2024-09-04 03:11:08 +0000"
    },
    "done": true
  },
  "minecraft:recipes/decorations/brown_banner": {
    "criteria": {
      "has_the_recipe": "2024-09-04 03:11:08 +0000"
    },
    "done": true
  },
  "minecraft:recipes/combat/shield": {
    "criteria": {
      "has_the_recipe": "2024-09-04 03:11:08 +0000"
    },
    "done": true
  },
  "minecraft:recipes/building_blocks/cobblestone_slab": {
    "criteria": {
      "has_the_recipe": "2024-09-04 03:11:08 +0000"
    },
    "done": true
  },
  "minecraft:recipes/building_blocks/red_sandstone_stairs": {
    "criteria": {
      "has_the_recipe": "2024-09-04 03:11:08 +0000"
    },
    "done": true
  },
  "minecraft:recipes/brewing/speckled_melon": {
    "criteria": {
      "has_the_recipe": "2024-09-04 03:11:08 +0000"
    },
    "done": true
  },
  "minecraft:recipes/redstone/trapped_chest": {
    "criteria": {
      "has_the_recipe": "2024-09-04 03:11:08 +0000"
    },
    "done": true
  },
  "minecraft:recipes/misc/iron_ingot_from_block": {
    "criteria": {
      "has_the_recipe": "2024-09-04 03:11:08 +0000"
    },
    "done": true
  },
  "minecraft:recipes/decorations/gray_bed": {
    "criteria": {
      "has_the_recipe": "2024-09-04 03:11:08 +0000"
    },
    "done": true
  },
  "minecraft:recipes/redstone/hopper": {
    "criteria": {
      "has_the_recipe": "2024-09-04 03:11:08 +0000"
    },
    "done": true
  },
  "minecraft:recipes/building_blocks/coarse_dirt": {
    "criteria": {
      "has_the_recipe": "2024-09-04 03:11:08 +0000"
    },
    "done": true
  },
  "minecraft:recipes/redstone/fence_gate": {
    "criteria": {
      "has_the_recipe": "2024-09-04 03:11:08 +0000"
    },
    "done": true
  },
  "minecraft:recipes/building_blocks/light_gray_concrete_powder": {
    "criteria": {
      "has_the_recipe": "2024-09-04 03:11:08 +0000"
    },
    "done": true
  },
  "minecraft:recipes/decorations/magenta_carpet": {
    "criteria": {
      "has_the_recipe": "2024-09-04 03:11:08 +0000"
    },
    "done": true
  },
  "minecraft:recipes/misc/lime_dye": {
    "criteria": {
      "has_the_recipe": "2024-09-04 03:11:08 +0000"
    },
    "done": true
  },
  "minecraft:recipes/combat/leather_leggings": {
    "criteria": {
      "has_the_recipe": "2024-09-04 03:11:08 +0000"
    },
    "done": true
  },
  "minecraft:recipes/building_blocks/pink_concrete_powder": {
    "criteria": {
      "has_the_recipe": "2024-09-04 03:11:08 +0000"
    },
    "done": true
  },
  "minecraft:recipes/building_blocks/sandstone_slab": {
    "criteria": {
      "has_the_recipe": "2024-09-04 03:11:08 +0000"
    },
    "done": true
  },
  "ebwizardry:handbook/scrolls": {
    "criteria": {
      "criteria_0": "2024-09-04 04:58:12 +0000"
    },
    "done": true
  },
  "simpleores:recipes/copper_tools": {
    "criteria": {
      "has_recipe5": "2024-09-04 03:11:08 +0000"
    },
    "done": true
  },
  "minecraft:recipes/misc/emerald": {
    "criteria": {
      "has_the_recipe": "2024-09-04 03:11:08 +0000"
    },
    "done": true
  },
  "minecraft:recipes/building_blocks/yellow_stained_glass": {
    "criteria": {
      "has_the_recipe": "2024-09-04 03:11:08 +0000"
    },
    "done": true
  },
  "minecraft:recipes/decorations/acacia_fence": {
    "criteria": {
      "has_the_recipe": "2024-09-04 03:11:08 +0000"
    },
    "done": true
  },
  "minecraft:recipes/decorations/magenta_bed_from_white_bed": {
    "criteria": {
      "has_the_recipe": "2024-09-04 03:11:08 +0000"
    },
    "done": true
  },
  "minecraft:recipes/decorations/iron_bars": {
    "criteria": {
      "has_the_recipe": "2024-09-04 03:11:08 +0000"
    },
    "done": true
  },
  "minecraft:recipes/misc/sugar": {
    "criteria": {
      "has_the_recipe": "2024-09-04 03:11:08 +0000"
    },
    "done": true
  },
  "minecraft:recipes/misc/red_dye_from_rose_bush": {
    "criteria": {
      "has_the_recipe": "2024-09-04 03:11:08 +0000"
    },
    "done": true
  },
  "minecraft:recipes/building_blocks/brick_stairs": {
    "criteria": {
      "has_the_recipe": "2024-09-04 03:11:08 +0000"
    },
    "done": true
  },
  "minecraft:recipes/misc/magenta_dye_from_purple_and_pink": {
    "criteria": {
      "has_the_recipe": "2024-09-04 03:11:08 +0000"
    },
    "done": true
  },
  "minecraft:recipes/building_blocks/gold_block": {
    "criteria": {
      "has_the_recipe": "2024-09-04 03:11:08 +0000"
    },
    "done": true
  },
  "minecraft:recipes/building_blocks/blue_wool": {
    "criteria": {
      "has_the_recipe": "2024-09-04 03:11:08 +0000"
    },
    "done": true
  },
  "minecraft:story/obtain_armor": {
    "criteria": {
      "iron_boots": "2024-09-04 04:15:19 +0000"
    },
    "done": true
  },
  "minecraft:recipes/redstone/comparator": {
    "criteria": {
      "has_the_recipe": "2024-09-04 03:11:08 +0000"
    },
    "done": true
  },
  "simpleores:recipes/mythril_armor": {
    "criteria": {
      "has_recipe4": "2024-09-04 03:11:08 +0000"
    },
    "done": true
  },
  "minecraft:recipes/misc/yellow_dye_from_sunflower": {
    "criteria": {
      "has_the_recipe": "2024-09-04 03:11:08 +0000"
    },
    "done": true
  },
  "minecraft:recipes/brewing/cauldron": {
    "criteria": {
      "has_the_recipe": "2024-09-04 03:11:08 +0000"
    },
    "done": true
  },
  "minecraft:recipes/transportation/chest_minecart": {
    "criteria": {
      "has_the_recipe": "2024-09-04 03:11:08 +0000"
    },
    "done": true
  },
  "minecraft:recipes/decorations/gray_stained_glass_pane": {
    "criteria": {
      "has_the_recipe": "2024-09-04 03:11:08 +0000"
    },
    "done": true
  },
  "minecraft:recipes/decorations/armor_stand": {
    "criteria": {
      "has_the_recipe": "2024-09-04 03:11:08 +0000"
    },
    "done": true
  },
  "minecraft:recipes/combat/diamond_leggings": {
    "criteria": {
      "has_the_recipe": "2024-09-04 03:11:08 +0000"
    },
    "done": true
  },
  "minecraft:recipes/building_blocks/sandstone": {
    "criteria": {
      "has_the_recipe": "2024-09-04 03:11:08 +0000"
    },
    "done": true
  },
  "minecraft:recipes/building_blocks/red_stained_glass": {
    "criteria": {
      "has_the_recipe": "2024-09-04 03:11:08 +0000"
    },
    "done": true
  },
  "minecraft:adventure/sleep_in_bed": {
    "criteria": {
      "slept_in_bed": "2024-09-04 04:04:19 +0000"
    },
    "done": true
  },
  "minecraft:recipes/building_blocks/spruce_planks": {
    "criteria": {
      "has_the_recipe": "2024-09-04 03:11:08 +0000"
    },
    "done": true
  },
  "minecraft:story/lava_bucket": {
    "criteria": {
      "lava_bucket": "2024-09-08 02:54:34 +0000"
    },
    "done": true
  },
  "minecraft:recipes/building_blocks/quartz_stairs": {
    "criteria": {
      "has_the_recipe": "2024-09-04 03:11:08 +0000"
    },
    "done": true
  },
  "minecraft:recipes/building_blocks/oak_stairs": {
    "criteria": {
      "has_the_recipe": "2024-09-04 03:11:08 +0000"
    },
    "done": true
  },
  "minecraft:recipes/decorations/red_carpet": {
    "criteria": {
      "has_the_recipe": "2024-09-04 03:11:08 +0000"
    },
    "done": true
  },
  "minecraft:recipes/transportation/acacia_boat": {
    "criteria": {
      "has_the_recipe": "2024-09-04 03:11:08 +0000"
    },
    "done": true
  },
  "minecraft:recipes/redstone/iron_trapdoor": {
    "criteria": {
      "has_the_recipe": "2024-09-04 03:11:08 +0000"
    },
    "done": true
  },
  "minecraft:adventure/root": {
    "criteria": {
      "killed_something": "2024-09-04 03:23:27 +0000"
    },
    "done": true
  },
  "minecraft:recipes/decorations/black_bed": {
    "criteria": {
      "has_the_recipe": "2024-09-04 03:11:08 +0000"
    },
    "done": true
  },
  "ebwizardry:handbook/tome_of_arcana": {
    "criteria": {
      "criteria_0": "2024-09-07 03:55:09 +0000"
    },
    "done": false
  },
  "minecraft:recipes/decorations/gray_bed_from_white_bed": {
    "criteria": {
      "has_the_recipe": "2024-09-04 03:11:08 +0000"
    },
    "done": true
  },
  "minecraft:recipes/building_blocks/white_concrete_powder": {
    "criteria": {
      "has_the_recipe": "2024-09-04 03:11:08 +0000"
    },
    "done": true
  },
  "minecraft:recipes/decorations/jungle_fence": {
    "criteria": {
      "has_the_recipe": "2024-09-04 03:11:08 +0000"
    },
    "done": true
  },
  "minecraft:recipes/tools/diamond_pickaxe": {
    "criteria": {
      "has_the_recipe": "2024-09-04 03:11:08 +0000"
    },
    "done": true
  },
  "simpleores:main/adamantium_leggings": {
    "criteria": {
      "got_adamantium_legs": "2024-09-07 04:40:09 +0000"
    },
    "done": true
  },
  "minecraft:recipes/building_blocks/red_nether_brick": {
    "criteria": {
      "has_the_recipe": "2024-09-04 03:11:08 +0000"
    },
    "done": true
  },
  "minecraft:adventure/kill_all_mobs": {
    "criteria": {
      "zombie_pigman": "2024-09-04 06:03:37 +0000",
      "wither_skeleton": "2024-09-04 06:09:08 +0000",
      "magma_cube": "2024-09-05 03:48:26 +0000",
      "skeleton": "2024-09-04 04:01:50 +0000",
      "husk": "2024-09-04 03:25:49 +0000",
      "blaze": "2024-09-04 06:11:51 +0000",
      "cave_spider": "2024-09-04 04:30:33 +0000",
      "silverfish": "2024-09-04 06:02:35 +0000",
      "zombie": "2024-09-04 03:23:27 +0000",
      "spider": "2024-09-04 03:47:21 +0000",
      "ghast": "2024-09-04 06:01:57 +0000",
      "enderman": "2024-09-05 03:50:41 +0000"
    },
    "done": false
  },
  "minecraft:recipes/misc/ender_eye": {
    "criteria": {
      "has_the_recipe": "2024-09-04 03:11:08 +0000"
    },
    "done": true
  },
  "minecraft:recipes/decorations/orange_bed": {
    "criteria": {
      "has_the_recipe": "2024-09-04 03:11:08 +0000"
    },
    "done": true
  },
  "ebwizardry:handbook/mana_flasks": {
    "criteria": {
      "criteria_0": "2024-09-04 03:11:08 +0000"
    },
    "done": true
  },
  "minecraft:recipes/redstone/redstone_block": {
    "criteria": {
      "has_the_recipe": "2024-09-04 03:11:08 +0000"
    },
    "done": true
  },
  "minecraft:recipes/decorations/yellow_banner": {
    "criteria": {
      "has_the_recipe": "2024-09-04 03:11:08 +0000"
    },
    "done": true
  },
  "minecraft:recipes/decorations/pink_bed_from_white_bed": {
    "criteria": {
      "has_the_recipe": "2024-09-04 03:11:08 +0000"
    },
    "done": true
  },
  "minecraft:recipes/building_blocks/lime_stained_glass": {
    "criteria": {
      "has_the_recipe": "2024-09-04 03:11:08 +0000"
    },
    "done": true
  },
  "minecraft:recipes/decorations/pink_stained_glass_pane": {
    "criteria": {
      "has_the_recipe": "2024-09-04 03:11:08 +0000"
    },
    "done": true
  },
  "minecraft:recipes/misc/light_gray_dye_from_azure_bluet": {
    "criteria": {
      "has_the_recipe": "2024-09-04 03:11:08 +0000"
    },
    "done": true
  },
  "minecraft:recipes/redstone/dark_oak_fence_gate": {
    "criteria": {
      "has_the_recipe": "2024-09-04 03:11:08 +0000"
    },
    "done": true
  },
  "minecraft:recipes/decorations/brown_bed": {
    "criteria": {
      "has_the_recipe": "2024-09-04 03:11:08 +0000"
    },
    "done": true
  },
  "ebwizardry:artefact": {
    "criteria": {
      "amulet_resurrection": "2024-09-04 05:53:09 +0000"
    },
    "done": true
  },
  "minecraft:recipes/building_blocks/green_stained_hardened_clay": {
    "criteria": {
      "has_the_recipe": "2024-09-04 03:11:08 +0000"
    },
    "done": true
  },
  "minecraft:recipes/building_blocks/gray_stained_hardened_clay": {
    "criteria": {
      "has_the_recipe": "2024-09-04 03:11:08 +0000"
    },
    "done": true
  },
  "minecraft:recipes/decorations/yellow_bed": {
    "criteria": {
      "has_the_recipe": "2024-09-04 03:11:08 +0000"
    },
    "done": true
  },
  "simpleores:main/tin_ore": {
    "criteria": {
      "got_tin_ore": "2024-09-04 03:32:21 +0000"
    },
    "done": true
  },
  "minecraft:recipes/building_blocks/light_blue_stained_glass": {
    "criteria": {
      "has_the_recipe": "2024-09-04 03:11:08 +0000"
    },
    "done": true
  },
  "minecraft:recipes/building_blocks/brick_block": {
    "criteria": {
      "has_the_recipe": "2024-09-04 03:11:08 +0000"
    },
    "done": true
  },
  "minecraft:recipes/building_blocks/orange_concrete_powder": {
    "criteria": {
      "has_the_recipe": "2024-09-04 03:11:08 +0000"
    },
    "done": true
  },
  "simpleores:recipes/onyx_bow": {
    "criteria": {
      "has_recipe2": "2024-09-04 03:11:08 +0000"
    },
    "done": true
  },
  "minecraft:recipes/decorations/blue_stained_glass_pane": {
    "criteria": {
      "has_the_recipe": "2024-09-04 03:11:08 +0000"
    },
    "done": true
  },
  "minecraft:recipes/misc/cyan_dye": {
    "criteria": {
      "has_the_recipe": "2024-09-04 03:11:08 +0000"
    },
    "done": true
  },
  "minecraft:recipes/brewing/blaze_powder": {
    "criteria": {
      "has_the_recipe": "2024-09-04 03:11:08 +0000"
    },
    "done": true
  },
  "minecraft:recipes/decorations/purple_bed": {
    "criteria": {
      "has_the_recipe": "2024-09-04 03:11:08 +0000"
    },
    "done": true
  },
  "minecraft:recipes/building_blocks/black_wool": {
    "criteria": {
      "has_the_recipe": "2024-09-04 03:11:08 +0000"
    },
    "done": true
  },
  "minecraft:recipes/combat/golden_chestplate": {
    "criteria": {
      "has_the_recipe": "2024-09-04 03:11:08 +0000"
    },
    "done": true
  },
  "minecraft:recipes/building_blocks/yellow_stained_hardened_clay": {
    "criteria": {
      "has_the_recipe": "2024-09-04 03:11:08 +0000"
    },
    "done": true
  },
  "minecraft:recipes/misc/magenta_dye_from_lapis_red_pink": {
    "criteria": {
      "has_the_recipe": "2024-09-04 03:11:08 +0000"
    },
    "done": true
  },
  "minecraft:recipes/brewing/glass_bottle": {
    "criteria": {
      "has_the_recipe": "2024-09-04 03:11:08 +0000"
    },
    "done": true
  },
  "minecraft:recipes/decorations/light_blue_stained_glass_pane": {
    "criteria": {
      "has_the_recipe": "2024-09-04 03:11:08 +0000"
    },
    "done": true
  },
  "ebwizardry:crystal": {
    "criteria": {
      "criteria_0": "2024-09-04 04:21:49 +0000"
    },
    "done": true
  },
  "minecraft:recipes/misc/light_gray_dye_from_gray_bonemeal": {
    "criteria": {
      "has_the_recipe": "2024-09-04 03:11:08 +0000"
    },
    "done": true
  },
  "minecraft:recipes/misc/leather": {
    "criteria": {
      "has_the_recipe": "2024-09-04 03:11:08 +0000"
    },
    "done": true
  },
  "minecraft:recipes/decorations/light_gray_bed": {
    "criteria": {
      "has_the_recipe": "2024-09-04 03:11:08 +0000"
    },
    "done": true
  },
  "minecraft:recipes/building_blocks/iron_block": {
    "criteria": {
      "has_the_recipe": "2024-09-04 03:11:08 +0000"
    },
    "done": true
  },
  "minecraft:recipes/building_blocks/quartz_slab": {
    "criteria": {
      "has_the_recipe": "2024-09-04 03:11:08 +0000"
    },
    "done": true
  },
  "minecraft:recipes/misc/red_dye_from_poppy": {
    "criteria": {
      "has_the_recipe": "2024-09-04 03:11:08 +0000"
    },
    "done": true
  },
  "ebwizardry:handbook/obelisks": {
    "criteria": {
      "criteria_0": "2024-09-07 03:55:00 +0000"
    },
    "done": true
  },
  "minecraft:recipes/redstone/wooden_pressure_plate": {
    "criteria": {
      "has_the_recipe": "2024-09-04 03:11:08 +0000"
    },
    "done": true
  },
  "mowziesmobs:root": {
    "criteria": {
      "custom_test_name": "2024-09-04 03:11:08 +0000"
    },
    "done": true
  },
  "minecraft:recipes/misc/yellow_dye_from_dandelion": {
    "criteria": {
      "has_the_recipe": "2024-09-04 03:11:08 +0000"
    },
    "done": true
  },
  "minecraft:recipes/building_blocks/clay": {
    "criteria": {
      "has_the_recipe": "2024-09-04 03:11:08 +0000"
    },
    "done": true
  },
  "minecraft:recipes/building_blocks/green_stained_glass": {
    "criteria": {
      "has_the_recipe": "2024-09-04 03:11:08 +0000"
    },
    "done": true
  },
  "minecraft:story/deflect_arrow": {
    "criteria": {
      "deflected_projectile": "2024-09-04 04:52:59 +0000"
    },
    "done": true
  },
  "minecraft:recipes/building_blocks/light_blue_wool": {
    "criteria": {
      "has_the_recipe": "2024-09-04 03:11:08 +0000"
    },
    "done": true
  },
  "minecraft:recipes/redstone/wooden_button": {
    "criteria": {
      "has_the_recipe": "2024-09-04 03:11:08 +0000"
    },
    "done": true
  },
  "minecraft:recipes/combat/wooden_sword": {
    "criteria": {
      "has_the_recipe": "2024-09-04 03:11:08 +0000"
    },
    "done": true
  },
  "minecraft:recipes/decorations/gray_banner": {
    "criteria": {
      "has_the_recipe": "2024-09-04 03:11:08 +0000"
    },
    "done": true
  },
  "minecraft:recipes/building_blocks/oak_planks": {
    "criteria": {
      "has_the_recipe": "2024-09-04 03:11:08 +0000"
    },
    "done": true
  },
  "minecraft:recipes/decorations/light_gray_banner": {
    "criteria": {
      "has_the_recipe": "2024-09-04 03:11:08 +0000"
    },
    "done": true
  },
  "minecraft:recipes/decorations/light_blue_carpet": {
    "criteria": {
      "has_the_recipe": "2024-09-04 03:11:08 +0000"
    },
    "done": true
  },
  "minecraft:recipes/building_blocks/gray_concrete_powder": {
    "criteria": {
      "has_the_recipe": "2024-09-04 03:11:08 +0000"
    },
    "done": true
  },
  "minecraft:recipes/transportation/golden_rail": {
    "criteria": {
      "has_the_recipe": "2024-09-04 03:11:08 +0000"
    },
    "done": true
  },
  "minecraft:recipes/decorations/cyan_banner": {
    "criteria": {
      "has_the_recipe": "2024-09-04 03:11:08 +0000"
    },
    "done": true
  },
  "minecraft:recipes/building_blocks/bookshelf": {
    "criteria": {
      "has_the_recipe": "2024-09-04 03:11:08 +0000"
    },
    "done": true
  },
  "minecraft:recipes/tools/golden_axe": {
    "criteria": {
      "has_the_recipe": "2024-09-04 03:11:08 +0000"
    },
    "done": true
  },
  "minecraft:recipes/decorations/fence": {
    "criteria": {
      "has_the_recipe": "2024-09-04 03:11:08 +0000"
    },
    "done": true
  },
  "minecraft:recipes/tools/iron_axe": {
    "criteria": {
      "has_the_recipe": "2024-09-04 03:11:08 +0000"
    },
    "done": true
  },
  "minecraft:recipes/building_blocks/glowstone": {
    "criteria": {
      "has_the_recipe": "2024-09-04 03:11:08 +0000"
    },
    "done": true
  },
  "minecraft:recipes/building_blocks/sea_lantern": {
    "criteria": {
      "has_the_recipe": "2024-09-04 03:11:08 +0000"
    },
    "done": true
  },
  "minecraft:recipes/building_blocks/jungle_planks": {
    "criteria": {
      "has_the_recipe": "2024-09-04 03:11:08 +0000"
    },
    "done": true
  },
  "minecraft:recipes/decorations/black_banner": {
    "criteria": {
      "has_the_recipe": "2024-09-04 03:11:08 +0000"
    },
    "done": true
  },
  "simpleores:recipes/tin_tools": {
    "criteria": {
      "has_recipe1": "2024-09-04 03:11:08 +0000"
    },
    "done": true
  },
  "ebwizardry:defeat_evil_wizard": {
    "criteria": {
      "criteria_0": "2024-09-05 04:49:43 +0000"
    },
    "done": true
  },
  "minecraft:recipes/decorations/red_banner": {
    "criteria": {
      "has_the_recipe": "2024-09-04 03:11:08 +0000"
    },
    "done": true
  },
  "minecraft:recipes/decorations/gray_carpet": {
    "criteria": {
      "has_the_recipe": "2024-09-04 03:11:08 +0000"
    },
    "done": true
  },
  "minecraft:recipes/redstone/tripwire_hook": {
    "criteria": {
      "has_the_recipe": "2024-09-04 03:11:08 +0000"
    },
    "done": true
  },
  "minecraft:recipes/building_blocks/dark_oak_wooden_slab": {
    "criteria": {
      "has_the_recipe": "2024-09-04 03:11:08 +0000"
    },
    "done": true
  },
  "minecraft:recipes/combat/iron_boots": {
    "criteria": {
      "has_the_recipe": "2024-09-04 03:11:08 +0000"
    },
    "done": true
  },
  "minecraft:recipes/building_blocks/chiseled_quartz_block": {
    "criteria": {
      "has_the_recipe": "2024-09-04 03:11:08 +0000"
    },
    "done": true
  },
  "minecraft:recipes/building_blocks/blue_stained_hardened_clay": {
    "criteria": {
      "has_the_recipe": "2024-09-04 03:11:08 +0000"
    },
    "done": true
  },
  "simpleores:main/copper_ore": {
    "criteria": {
      "got_copper_ore": "2024-09-04 03:33:52 +0000"
    },
    "done": true
  },
  "minecraft:recipes/building_blocks/birch_planks": {
    "criteria": {
      "has_the_recipe": "2024-09-04 03:11:08 +0000"
    },
    "done": true
  },
  "ebwizardry:root": {
    "criteria": {
      "criteria_0": "2024-09-04 04:21:49 +0000"
    },
    "done": true
  },
  "minecraft:recipes/misc/bone_meal_from_bone": {
    "criteria": {
      "has_the_recipe": "2024-09-04 03:11:08 +0000"
    },
    "done": true
  },
  "minecraft:recipes/building_blocks/black_concrete_powder": {
    "criteria": {
      "has_the_recipe": "2024-09-04 03:11:08 +0000"
    },
    "done": true
  },
  "minecraft:story/iron_tools": {
    "criteria": {
      "iron_pickaxe": "2024-09-04 04:16:05 +0000"
    },
    "done": true
  },
  "minecraft:recipes/decorations/orange_banner": {
    "criteria": {
      "has_the_recipe": "2024-09-04 03:11:08 +0000"
    },
    "done": true
  },
  "minecraft:recipes/building_blocks/spruce_wooden_slab": {
    "criteria": {
      "has_the_recipe": "2024-09-04 03:11:08 +0000"
    },
    "done": true
  },
  "minecraft:recipes/redstone/birch_fence_gate": {
    "criteria": {
      "has_the_recipe": "2024-09-04 03:11:08 +0000"
    },
    "done": true
  },
  "ebwizardry:spell_failure": {
    "criteria": {
      "criteria_0": "2024-09-05 03:12:05 +0000"
    },
    "done": true
  },
  "minecraft:recipes/redstone/stone_button": {
    "criteria": {
      "has_the_recipe": "2024-09-04 03:11:08 +0000"
    },
    "done": true
  },
  "minecraft:recipes/combat/iron_chestplate": {
    "criteria": {
      "has_the_recipe": "2024-09-04 03:11:08 +0000"
    },
    "done": true
  },
  "minecraft:recipes/building_blocks/yellow_wool": {
    "criteria": {
      "has_the_recipe": "2024-09-04 03:11:08 +0000"
    },
    "done": true
  },
  "minecraft:recipes/building_blocks/prismarine_bricks": {
    "criteria": {
      "has_the_recipe": "2024-09-04 03:11:08 +0000"
    },
    "done": true
  },
  "minecraft:recipes/redstone/noteblock": {
    "criteria": {
      "has_the_recipe": "2024-09-04 03:11:08 +0000"
    },
    "done": true
  },
  "minecraft:recipes/decorations/light_blue_bed_from_white_bed": {
    "criteria": {
      "has_the_recipe": "2024-09-04 03:11:08 +0000"
    },
    "done": true
  },
  "minecraft:recipes/building_blocks/red_concrete_powder": {
    "criteria": {
      "has_the_recipe": "2024-09-04 03:11:08 +0000"
    },
    "done": true
  },
  "minecraft:adventure/kill_a_mob": {
    "criteria": {
      "zombie": "2024-09-04 03:23:27 +0000"
    },
    "done": true
  },
  "minecraft:recipes/tools/golden_pickaxe": {
    "criteria": {
      "has_the_recipe": "2024-09-04 03:11:08 +0000"
    },
    "done": true
  },
  "minecraft:recipes/redstone/sticky_piston": {
    "criteria": {
      "has_the_recipe": "2024-09-04 03:11:08 +0000"
    },
    "done": true
  },
  "minecraft:recipes/decorations/green_carpet": {
    "criteria": {
      "has_the_recipe": "2024-09-04 03:11:08 +0000"
    },
    "done": true
  },
  "minecraft:recipes/brewing/magma_cream": {
    "criteria": {
      "has_the_recipe": "2024-09-04 03:11:08 +0000"
    },
    "done": true
  },
  "minecraft:recipes/misc/gray_dye": {
    "criteria": {
      "has_the_recipe": "2024-09-04 03:11:08 +0000"
    },
    "done": true
  },
  "minecraft:adventure/adventuring_time": {
    "criteria": {
      "beaches": "2024-09-07 03:54:06 +0000",
      "desert_hills": "2024-09-04 04:43:58 +0000",
      "savanna": "2024-09-04 03:11:08 +0000",
      "plains": "2024-09-05 04:51:02 +0000",
      "savanna_rock": "2024-09-04 04:09:20 +0000",
      "ocean": "2024-09-07 03:57:36 +0000",
      "river": "2024-09-04 04:46:47 +0000",
      "desert": "2024-09-04 03:17:19 +0000"
    },
    "done": false
  },
  "minecraft:recipes/misc/book": {
    "criteria": {
      "has_the_recipe": "2024-09-04 03:11:08 +0000"
    },
    "done": true
  },
  "minecraft:recipes/decorations/purple_bed_from_white_bed": {
    "criteria": {
      "has_the_recipe": "2024-09-04 03:11:08 +0000"
    },
    "done": true
  },
  "minecraft:recipes/building_blocks/birch_wooden_slab": {
    "criteria": {
      "has_the_recipe": "2024-09-04 03:11:08 +0000"
    },
    "done": true
  },
  "minecraft:recipes/building_blocks/purpur_slab": {
    "criteria": {
      "has_the_recipe": "2024-09-04 03:11:08 +0000"
    },
    "done": true
  },
  "minecraft:recipes/decorations/light_gray_carpet": {
    "criteria": {
      "has_the_recipe": "2024-09-04 03:11:08 +0000"
    },
    "done": true
  },
  "minecraft:recipes/combat/stone_sword": {
    "criteria": {
      "has_the_recipe": "2024-09-04 03:11:08 +0000"
    },
    "done": true
  },
  "minecraft:recipes/decorations/cobblestone_wall": {
    "criteria": {
      "has_the_recipe": "2024-09-04 03:11:08 +0000"
    },
    "done": true
  },
  "minecraft:recipes/decorations/magenta_banner": {
    "criteria": {
      "has_the_recipe": "2024-09-04 03:11:08 +0000"
    },
    "done": true
  },
  "minecraft:recipes/decorations/light_blue_banner": {
    "criteria": {
      "has_the_recipe": "2024-09-04 03:11:08 +0000"
    },
    "done": true
  },
  "minecraft:recipes/decorations/purple_carpet": {
    "criteria": {
      "has_the_recipe": "2024-09-04 03:11:08 +0000"
    },
    "done": true
  },
  "minecraft:recipes/brewing/fermented_spider_eye": {
    "criteria": {
      "has_the_recipe": "2024-09-04 03:11:08 +0000"
    },
    "done": true
  },
  "minecraft:recipes/tools/stone_pickaxe": {
    "criteria": {
      "has_the_recipe": "2024-09-04 03:11:08 +0000"
    },
    "done": true
  },
  "minecraft:recipes/building_blocks/orange_stained_hardened_clay": {
    "criteria": {
      "has_the_recipe": "2024-09-04 03:11:08 +0000"
    },
    "done": true
  },
  "minecraft:recipes/redstone/stone_pressure_plate": {
    "criteria": {
      "has_the_recipe": "2024-09-04 03:11:08 +0000"
    },
    "done": true
  },
  "minecraft:recipes/building_blocks/brown_stained_glass": {
    "criteria": {
      "has_the_recipe": "2024-09-04 03:11:08 +0000"
    },
    "done": true
  },
  "minecraft:recipes/transportation/boat": {
    "criteria": {
      "has_the_recipe": "2024-09-04 03:11:08 +0000"
    },
    "done": true
  },
  "minecraft:recipes/misc/purple_dye": {
    "criteria": {
      "has_the_recipe": "2024-09-04 03:11:08 +0000"
    },
    "done": true
  },
  "minecraft:recipes/combat/leather_boots": {
    "criteria": {
      "has_the_recipe": "2024-09-04 03:11:08 +0000"
    },
    "done": true
  },
  "minecraft:recipes/misc/red_dye_from_tulip": {
    "criteria": {
      "has_the_recipe": "2024-09-04 03:11:08 +0000"
    },
    "done": true
  },
  "minecraft:recipes/building_blocks/brown_stained_hardened_clay": {
    "criteria": {
      "has_the_recipe": "2024-09-04 03:11:08 +0000"
    },
    "done": true
  },
  "minecraft:recipes/misc/orange_dye_from_orange_tulip": {
    "criteria": {
      "has_the_recipe": "2024-09-04 03:11:08 +0000"
    },
    "done": true
  },
  "minecraft:recipes/decorations/brown_carpet": {
    "criteria": {
      "has_the_recipe": "2024-09-04 03:11:08 +0000"
    },
    "done": true
  },
  "minecraft:recipes/building_blocks/light_gray_stained_glass": {
    "criteria": {
      "has_the_recipe": "2024-09-04 03:11:08 +0000"
    },
    "done": true
  },
  "minecraft:recipes/building_blocks/diamond_block": {
    "criteria": {
      "has_the_recipe": "2024-09-04 03:11:08 +0000"
    },
    "done": true
  },
  "ebwizardry:handbook/crystal_flowers": {
    "criteria": {
      "criteria_0": "2024-09-04 04:22:42 +0000"
    },
    "done": true
  },
  "minecraft:recipes/decorations/red_stained_glass_pane": {
    "criteria": {
      "has_the_recipe": "2024-09-04 03:11:08 +0000"
    },
    "done": true
  },
  "minecraft:recipes/decorations/purple_shulker_box": {
    "criteria": {
      "has_the_recipe": "2024-09-04 03:11:08 +0000"
    },
    "done": true
  },
  "minecraft:recipes/decorations/flower_pot": {
    "criteria": {
      "has_the_recipe": "2024-09-04 03:11:08 +0000"
    },
    "done": true
  },
  "simpleores:main/mythril_ore": {
    "criteria": {
      "got_mythril_ore": "2024-09-04 04:26:41 +0000"
    },
    "done": true
  },
  "minecraft:recipes/building_blocks/lapis_block": {
    "criteria": {
      "has_the_recipe": "2024-09-04 03:11:08 +0000"
    },
    "done": true
  },
  "minecraft:recipes/decorations/yellow_carpet": {
    "criteria": {
      "has_the_recipe": "2024-09-04 03:11:08 +0000"
    },
    "done": true
  },
  "minecraft:recipes/building_blocks/brick_slab": {
    "criteria": {
      "has_the_recipe": "2024-09-04 03:11:08 +0000"
    },
    "done": true
  },
  "minecraft:recipes/transportation/tnt_minecart": {
    "criteria": {
      "has_the_recipe": "2024-09-04 03:11:08 +0000"
    },
    "done": true
  },
  "minecraft:recipes/building_blocks/melon_block": {
    "criteria": {
      "has_the_recipe": "2024-09-04 03:11:08 +0000"
    },
    "done": true
  },
  "minecraft:recipes/food/cookie": {
    "criteria": {
      "has_the_recipe": "2024-09-04 03:11:08 +0000"
    },
    "done": true
  },
  "minecraft:recipes/building_blocks/prismarine": {
    "criteria": {
      "has_the_recipe": "2024-09-04 03:11:08 +0000"
    },
    "done": true
  },
  "minecraft:recipes/misc/diamond": {
    "criteria": {
      "has_the_recipe": "2024-09-04 03:11:08 +0000"
    },
    "done": true
  },
  "minecraft:recipes/misc/bone_meal_from_block": {
    "criteria": {
      "has_the_recipe": "2024-09-04 03:11:08 +0000"
    },
    "done": true
  },
  "minecraft:recipes/building_blocks/polished_diorite": {
    "criteria": {
      "has_the_recipe": "2024-09-04 03:11:08 +0000"
    },
    "done": true
  },
  "minecraft:recipes/building_blocks/light_gray_wool": {
    "criteria": {
      "has_the_recipe": "2024-09-04 03:11:08 +0000"
    },
    "done": true
  },
  "minecraft:recipes/decorations/red_bed_from_white_bed": {
    "criteria": {
      "has_the_recipe": "2024-09-04 03:11:08 +0000"
    },
    "done": true
  },
  "minecraft:recipes/building_blocks/purple_stained_hardened_clay": {
    "criteria": {
      "has_the_recipe": "2024-09-04 03:11:08 +0000"
    },
    "done": true
  },
  "minecraft:recipes/misc/light_gray_dye_from_oxeye_daisy": {
    "criteria": {
      "has_the_recipe": "2024-09-04 03:11:08 +0000"
    },
    "done": true
  },
  "minecraft:recipes/building_blocks/red_wool": {
    "criteria": {
      "has_the_recipe": "2024-09-04 03:11:08 +0000"
    },
    "done": true
  },
  "minecraft:recipes/building_blocks/acacia_stairs": {
    "criteria": {
      "has_the_recipe": "2024-09-04 03:11:08 +0000"
    },
    "done": true
  },
  "minecraft:recipes/misc/orange_dye_from_red_yellow": {
    "criteria": {
      "has_the_recipe": "2024-09-04 03:11:08 +0000"
    },
    "done": true
  },
  "minecraft:recipes/tools/stone_axe": {
    "criteria": {
      "has_the_recipe": "2024-09-04 03:11:08 +0000"
    },
    "done": true
  },
  "minecraft:recipes/misc/fire_charge": {
    "criteria": {
      "has_the_recipe": "2024-09-04 03:11:08 +0000"
    },
    "done": true
  },
  "minecraft:recipes/decorations/blue_banner": {
    "criteria": {
      "has_the_recipe": "2024-09-04 03:11:08 +0000"
    },
    "done": true
  },
  "minecraft:recipes/decorations/slime": {
    "criteria": {
      "has_the_recipe": "2024-09-04 03:11:08 +0000"
    },
    "done": true
  },
  "minecraft:recipes/building_blocks/purple_wool": {
    "criteria": {
      "has_the_recipe": "2024-09-04 03:11:08 +0000"
    },
    "done": true
  },
  "minecraft:recipes/food/rabbit_stew_from_brown_mushroom": {
    "criteria": {
      "has_the_recipe": "2024-09-04 03:11:08 +0000"
    },
    "done": true
  },
  "ebwizardry:arcane_initiate": {
    "criteria": {
      "criteria_0": "2024-09-04 05:26:08 +0000"
    },
    "done": true
  },
  "minecraft:recipes/decorations/blue_bed": {
    "criteria": {
      "has_the_recipe": "2024-09-04 03:11:08 +0000"
    },
    "done": true
  },
  "minecraft:recipes/building_blocks/magenta_concrete_powder": {
    "criteria": {
      "has_the_recipe": "2024-09-04 03:11:08 +0000"
    },
    "done": true
  },
  "minecraft:recipes/building_blocks/pillar_quartz_block": {
    "criteria": {
      "has_the_recipe": "2024-09-04 03:11:08 +0000"
    },
    "done": true
  },
  "minecraft:recipes/decorations/lime_carpet": {
    "criteria": {
      "has_the_recipe": "2024-09-04 03:11:08 +0000"
    },
    "done": true
  },
  "minecraft:recipes/decorations/green_bed": {
    "criteria": {
      "has_the_recipe": "2024-09-04 03:11:08 +0000"
    },
    "done": true
  },
  "minecraft:recipes/misc/writable_book": {
    "criteria": {
      "has_the_recipe": "2024-09-04 03:11:08 +0000"
    },
    "done": true
  },
  "minecraft:recipes/building_blocks/oak_wooden_slab": {
    "criteria": {
      "has_the_recipe": "2024-09-04 03:11:08 +0000"
    },
    "done": true
  },
  "minecraft:recipes/misc/wheat": {
    "criteria": {
      "has_the_recipe": "2024-09-04 03:11:08 +0000"
    },
    "done": true
  },
  "minecraft:recipes/decorations/white_bed": {
    "criteria": {
      "has_the_recipe": "2024-09-04 03:11:08 +0000"
    },
    "done": true
  },
  "minecraft:recipes/decorations/lime_banner": {
    "criteria": {
      "has_the_recipe": "2024-09-04 03:11:08 +0000"
    },
    "done": true
  },
  "minecraft:recipes/transportation/furnace_minecart": {
    "criteria": {
      "has_the_recipe": "2024-09-04 03:11:08 +0000"
    },
    "done": true
  },
  "minecraft:nether/root": {
    "criteria": {
      "entered_nether": "2024-09-04 05:59:43 +0000"
    },
    "done": true
  },
  "minecraft:recipes/decorations/magenta_bed": {
    "criteria": {
      "has_the_recipe": "2024-09-04 03:11:08 +0000"
    },
    "done": true
  },
  "minecraft:recipes/food/rabbit_stew_from_red_mushroom": {
    "criteria": {
      "has_the_recipe": "2024-09-04 03:11:08 +0000"
    },
    "done": true
  },
  "minecraft:recipes/building_blocks/dark_prismarine": {
    "criteria": {
      "has_the_recipe": "2024-09-04 03:11:08 +0000"
    },
    "done": true
  },
  "minecraft:recipes/redstone/redstone": {
    "criteria": {
      "has_the_recipe": "2024-09-04 03:11:08 +0000"
    },
    "done": true
  },
  "minecraft:recipes/tools/golden_hoe": {
    "criteria": {
      "has_the_recipe": "2024-09-04 03:11:08 +0000"
    },
    "done": true
  },
  "minecraft:recipes/food/bread": {
    "criteria": {
      "has_the_recipe": "2024-09-04 03:11:08 +0000"
    },
    "done": true
  },
  "minecraft:recipes/redstone/trapdoor": {
    "criteria": {
      "has_the_recipe": "2024-09-04 03:11:08 +0000"
    },
    "done": true
  },
  "minecraft:recipes/decorations/lime_stained_glass_pane": {
    "criteria": {
      "has_the_recipe": "2024-09-04 03:11:08 +0000"
    },
    "done": true
  },
  "minecraft:recipes/misc/iron_nugget": {
    "criteria": {
      "has_the_recipe": "2024-09-04 03:11:08 +0000"
    },
    "done": true
  },
  "minecraft:recipes/transportation/hopper_minecart": {
    "criteria": {
      "has_the_recipe": "2024-09-04 03:11:08 +0000"
    },
    "done": true
  },
  "minecraft:recipes/building_blocks/brown_concrete_powder": {
    "criteria": {
      "has_the_recipe": "2024-09-04 03:11:08 +0000"
    },
    "done": true
  },
  "minecraft:recipes/decorations/black_bed_from_white_bed": {
    "criteria": {
      "has_the_recipe": "2024-09-04 03:11:08 +0000"
    },
    "done": true
  },
  "minecraft:recipes/decorations/pink_carpet": {
    "criteria": {
      "has_the_recipe": "2024-09-04 03:11:08 +0000"
    },
    "done": true
  },
  "minecraft:recipes/decorations/cyan_stained_glass_pane": {
    "criteria": {
      "has_the_recipe": "2024-09-04 03:11:08 +0000"
    },
    "done": true
  },
  "minecraft:recipes/combat/diamond_sword": {
    "criteria": {
      "has_the_recipe": "2024-09-04 03:11:08 +0000"
    },
    "done": true
  },
  "minecraft:recipes/building_blocks/blue_stained_glass": {
    "criteria": {
      "has_the_recipe": "2024-09-04 03:11:08 +0000"
    },
    "done": true
  },
  "minecraft:recipes/building_blocks/cyan_wool": {
    "criteria": {
      "has_the_recipe": "2024-09-04 03:11:08 +0000"
    },
    "done": true
  },
  "minecraft:recipes/decorations/sign": {
    "criteria": {
      "has_the_recipe": "2024-09-04 03:11:08 +0000"
    },
    "done": true
  },
  "minecraft:recipes/transportation/spruce_boat": {
    "criteria": {
      "has_the_recipe": "2024-09-04 03:11:08 +0000"
    },
    "done": true
  },
  "minecraft:recipes/decorations/jukebox": {
    "criteria": {
      "has_the_recipe": "2024-09-04 03:11:08 +0000"
    },
    "done": true
  },
  "minecraft:recipes/building_blocks/diorite": {
    "criteria": {
      "has_the_recipe": "2024-09-04 03:11:08 +0000"
    },
    "done": true
  },
  "minecraft:recipes/tools/flint_and_steel": {
    "criteria": {
      "has_the_recipe": "2024-09-04 03:11:08 +0000"
    },
    "done": true
  },
  "minecraft:recipes/misc/red_dye_from_beetroot": {
    "criteria": {
      "has_the_recipe": "2024-09-04 03:11:08 +0000"
    },
    "done": true
  },
  "minecraft:recipes/food/mushroom_stew": {
    "criteria": {
      "has_the_recipe": "2024-09-04 03:11:08 +0000"
    },
    "done": true
  },
  "minecraft:recipes/building_blocks/gray_wool": {
    "criteria": {
      "has_the_recipe": "2024-09-04 03:11:08 +0000"
    },
    "done": true
  },
  "minecraft:recipes/misc/gold_nugget": {
    "criteria": {
      "has_the_recipe": "2024-09-04 03:11:08 +0000"
    },
    "done": true
  },
  "minecraft:husbandry/balanced_diet": {
    "criteria": {
      "cooked_porkchop": "2024-09-04 04:19:04 +0000",
      "chicken": "2024-09-04 04:51:52 +0000",
      "cooked_mutton": "2024-09-04 03:44:56 +0000",
      "cooked_beef": "2024-09-04 05:33:06 +0000",
      "beef": "2024-09-04 03:27:39 +0000",
      "raw_cod": "2024-09-07 03:58:24 +0000",
      "cooked_rabbit": "2024-09-04 06:22:11 +0000",
      "cooked_chicken": "2024-09-04 04:42:37 +0000",
      "carrot": "2024-09-05 04:19:17 +0000"
    },
    "done": false
  },
  "minecraft:recipes/tools/wooden_hoe": {
    "criteria": {
      "has_the_recipe": "2024-09-04 03:11:08 +0000"
    },
    "done": true
  },
  "minecraft:recipes/misc/bucket": {
    "criteria": {
      "has_the_recipe": "2024-09-04 03:11:08 +0000"
    },
    "done": true
  },
  "minecraft:recipes/decorations/yellow_bed_from_white_bed": {
    "criteria": {
      "has_the_recipe": "2024-09-04 03:11:08 +0000"
    },
    "done": true
  },
  "minecraft:recipes/decorations/orange_stained_glass_pane": {
    "criteria": {
      "has_the_recipe": "2024-09-04 03:11:08 +0000"
    },
    "done": true
  },
  "simpleores:recipes/mythril_bow": {
    "criteria": {
      "has_recipe2": "2024-09-04 03:11:08 +0000"
    },
    "done": true
  },
  "simpleores:main/adamantium_ore": {
    "criteria": {
      "got_adamantium_ore": "2024-09-04 04:26:32 +0000"
    },
    "done": true
  },
  "minecraft:recipes/decorations/white_banner": {
    "criteria": {
      "has_the_recipe": "2024-09-04 03:11:08 +0000"
    },
    "done": true
  },
  "minecraft:recipes/building_blocks/light_blue_concrete_powder": {
    "criteria": {
      "has_the_recipe": "2024-09-04 03:11:08 +0000"
    },
    "done": true
  },
  "minecraft:recipes/decorations/pink_banner": {
    "criteria": {
      "has_the_recipe": "2024-09-04 03:11:08 +0000"
    },
    "done": true
  },
  "minecraft:recipes/decorations/mossy_cobblestone_wall": {
    "criteria": {
      "has_the_recipe": "2024-09-04 03:11:08 +0000"
    },
    "done": true
  },
  "minecraft:recipes/building_blocks/hay_block": {
    "criteria": {
      "has_the_recipe": "2024-09-04 03:11:08 +0000"
    },
    "done": true
  },
  "minecraft:recipes/decorations/lime_bed": {
    "criteria": {
      "has_the_recipe": "2024-09-04 03:11:08 +0000"
    },
    "done": true
  },
  "minecraft:recipes/tools/golden_shovel": {
    "criteria": {
      "has_the_recipe": "2024-09-04 03:11:08 +0000"
    },
    "done": true
  },
  "minecraft:recipes/combat/iron_helmet": {
    "criteria": {
      "has_the_recipe": "2024-09-04 03:11:08 +0000"
    },
    "done": true
  },
  "minecraft:recipes/combat/bow": {
    "criteria": {
      "has_the_recipe": "2024-09-04 03:11:08 +0000"
    },
    "done": true
  },
  "minecraft:recipes/redstone/tnt": {
    "criteria": {
      "has_the_recipe": "2024-09-04 03:11:08 +0000"
    },
    "done": true
  },
  "minecraft:nether/get_wither_skull": {
    "criteria": {
      "wither_skull": "2024-09-05 03:38:41 +0000"
    },
    "done": true
  },
  "minecraft:recipes/decorations/black_stained_glass_pane": {
    "criteria": {
      "has_the_recipe": "2024-09-04 03:11:08 +0000"
    },
    "done": true
  },
  "minecraft:recipes/building_blocks/smooth_sandstone": {
    "criteria": {
      "has_the_recipe": "2024-09-04 03:11:08 +0000"
    },
    "done": true
  },
  "minecraft:recipes/building_blocks/granite": {
    "criteria": {
      "has_the_recipe": "2024-09-04 03:11:08 +0000"
    },
    "done": true
  },
  "minecraft:recipes/building_blocks/purple_concrete_powder": {
    "criteria": {
      "has_the_recipe": "2024-09-04 03:11:08 +0000"
    },
    "done": true
  },
  "minecraft:recipes/decorations/orange_bed_from_white_bed": {
    "criteria": {
      "has_the_recipe": "2024-09-04 03:11:08 +0000"
    },
    "done": true
  },
  "minecraft:recipes/decorations/orange_carpet": {
    "criteria": {
      "has_the_recipe": "2024-09-04 03:11:08 +0000"
    },
    "done": true
  },
  "minecraft:recipes/combat/diamond_chestplate": {
    "criteria": {
      "has_the_recipe": "2024-09-04 03:11:08 +0000"
    },
    "done": true
  },
  "minecraft:story/mine_stone": {
    "criteria": {
      "get_stone": "2024-09-04 03:29:44 +0000"
    },
    "done": true
  },
  "minecraft:recipes/transportation/minecart": {
    "criteria": {
      "has_the_recipe": "2024-09-04 03:11:08 +0000"
    },
    "done": true
  },
  "minecraft:recipes/decorations/furnace": {
    "criteria": {
      "has_the_recipe": "2024-09-04 03:11:08 +0000"
    },
    "done": true
  },
  "minecraft:recipes/misc/beacon": {
    "criteria": {
      "has_the_recipe": "2024-09-04 03:11:08 +0000"
    },
    "done": true
  },
  "minecraft:recipes/food/beetroot_soup": {
    "criteria": {
      "has_the_recipe": "2024-09-04 03:11:08 +0000"
    },
    "done": true
  },
  "minecraft:recipes/decorations/green_stained_glass_pane": {
    "criteria": {
      "has_the_recipe": "2024-09-04 03:11:08 +0000"
    },
    "done": true
  },
  "minecraft:recipes/building_blocks/orange_wool": {
    "criteria": {
      "has_the_recipe": "2024-09-04 03:11:08 +0000"
    },
    "done": true
  },
  "simpleores:recipes/onyx_tools": {
    "criteria": {
      "has_recipe6": "2024-09-04 03:11:08 +0000"
    },
    "done": true
  },
  "minecraft:recipes/tools/wooden_pickaxe": {
    "criteria": {
      "has_the_recipe": "2024-09-04 03:11:08 +0000"
    },
    "done": true
  },
  "minecraft:recipes/tools/iron_hoe": {
    "criteria": {
      "has_the_recipe": "2024-09-04 03:11:08 +0000"
    },
    "done": true
  },
  "minecraft:recipes/decorations/cyan_carpet": {
    "criteria": {
      "has_the_recipe": "2024-09-04 03:11:08 +0000"
    },
    "done": true
  },
  "minecraft:recipes/redstone/redstone_torch": {
    "criteria": {
      "has_the_recipe": "2024-09-04 03:11:08 +0000"
    },
    "done": true
  },
  "minecraft:recipes/building_blocks/stone_brick_slab": {
    "criteria": {
      "has_the_recipe": "2024-09-04 03:11:08 +0000"
    },
    "done": true
  },
  "minecraft:husbandry/root": {
    "criteria": {
      "consumed_item": "2024-09-04 03:27:39 +0000"
    },
    "done": true
  },
  "minecraft:recipes/transportation/birch_boat": {
    "criteria": {
      "has_the_recipe": "2024-09-04 03:11:08 +0000"
    },
    "done": true
  },
  "minecraft:recipes/food/golden_apple": {
    "criteria": {
      "has_the_recipe": "2024-09-04 03:11:08 +0000"
    },
    "done": true
  },
  "minecraft:recipes/decorations/enchanting_table": {
    "criteria": {
      "has_the_recipe": "2024-09-04 03:11:08 +0000"
    },
    "done": true
  },
  "minecraft:recipes/building_blocks/green_concrete_powder": {
    "criteria": {
      "has_the_recipe": "2024-09-04 03:11:08 +0000"
    },
    "done": true
  },
  "ebwizardry:all_artefacts": {
    "criteria": {
      "amulet_resurrection": "2024-09-04 05:53:09 +0000"
    },
    "done": false
  },
  "minecraft:recipes/misc/light_gray_dye_from_ink_bonemeal": {
    "criteria": {
      "has_the_recipe": "2024-09-04 03:11:08 +0000"
    },
    "done": true
  },
  "minecraft:recipes/tools/iron_shovel": {
    "criteria": {
      "has_the_recipe": "2024-09-04 03:11:08 +0000"
    },
    "done": true
  },
  "minecraft:recipes/redstone/acacia_door": {
    "criteria": {
      "has_the_recipe": "2024-09-04 03:11:08 +0000"
    },
    "done": true
  },
  "minecraft:recipes/building_blocks/orange_stained_glass": {
    "criteria": {
      "has_the_recipe": "2024-09-04 03:11:08 +0000"
    },
    "done": true
  },
  "minecraft:recipes/decorations/cyan_bed_from_white_bed": {
    "criteria": {
      "has_the_recipe": "2024-09-04 03:11:08 +0000"
    },
    "done": true
  },
  "minecraft:recipes/misc/bowl": {
    "criteria": {
      "has_the_recipe": "2024-09-04 03:11:08 +0000"
    },
    "done": true
  },
  "minecraft:recipes/decorations/item_frame": {
    "criteria": {
      "has_the_recipe": "2024-09-04 03:11:08 +0000"
    },
    "done": true
  },
  "minecraft:recipes/decorations/lime_bed_from_white_bed": {
    "criteria": {
      "has_the_recipe": "2024-09-04 03:11:08 +0000"
    },
    "done": true
  },
  "minecraft:recipes/tools/stone_hoe": {
    "criteria": {
      "has_the_recipe": "2024-09-04 03:11:08 +0000"
    },
    "done": true
  },
  "minecraft:recipes/tools/clock": {
    "criteria": {
      "has_the_recipe": "2024-09-04 03:11:08 +0000"
    },
    "done": true
  },
  "minecraft:recipes/decorations/spruce_fence": {
    "criteria": {
      "has_the_recipe": "2024-09-04 03:11:08 +0000"
    },
    "done": true
  },
  "minecraft:recipes/tools/diamond_hoe": {
    "criteria": {
      "has_the_recipe": "2024-09-04 03:11:08 +0000"
    },
    "done": true
  },
  "minecraft:recipes/transportation/activator_rail": {
    "criteria": {
      "has_the_recipe": "2024-09-04 03:11:08 +0000"
    },
    "done": true
  },
  "minecraft:recipes/combat/spectral_arrow": {
    "criteria": {
      "has_the_recipe": "2024-09-04 03:11:08 +0000"
    },
    "done": true
  },
  "minecraft:recipes/decorations/white_stained_glass_pane": {
    "criteria": {
      "has_the_recipe": "2024-09-04 03:11:08 +0000"
    },
    "done": true
  },
  "minecraft:recipes/tools/diamond_shovel": {
    "criteria": {
      "has_the_recipe": "2024-09-04 03:11:08 +0000"
    },
    "done": true
  },
  "minecraft:recipes/building_blocks/dark_oak_stairs": {
    "criteria": {
      "has_the_recipe": "2024-09-04 03:11:08 +0000"
    },
    "done": true
  },
  "minecraft:recipes/decorations/end_crystal": {
    "criteria": {
      "has_the_recipe": "2024-09-04 03:11:08 +0000"
    },
    "done": true
  },
  "minecraft:story/enter_the_nether": {
    "criteria": {
      "entered_nether": "2024-09-04 05:59:43 +0000"
    },
    "done": true
  },
  "minecraft:recipes/decorations/green_bed_from_white_bed": {
    "criteria": {
      "has_the_recipe": "2024-09-04 03:11:08 +0000"
    },
    "done": true
  },
  "minecraft:recipes/decorations/white_carpet": {
    "criteria": {
      "has_the_recipe": "2024-09-04 03:11:08 +0000"
    },
    "done": true
  },
  "minecraft:recipes/decorations/ender_chest": {
    "criteria": {
      "has_the_recipe": "2024-09-04 03:11:08 +0000"
    },
    "done": true
  },
  "minecraft:recipes/building_blocks/spruce_stairs": {
    "criteria": {
      "has_the_recipe": "2024-09-04 03:11:08 +0000"
    },
    "done": true
  },
  "minecraft:recipes/building_blocks/red_sandstone_slab": {
    "criteria": {
      "has_the_recipe": "2024-09-04 03:11:08 +0000"
    },
    "done": true
  },
  "minecraft:recipes/redstone/birch_door": {
    "criteria": {
      "has_the_recipe": "2024-09-04 03:11:08 +0000"
    },
    "done": true
  },
  "minecraft:recipes/decorations/green_banner": {
    "criteria": {
      "has_the_recipe": "2024-09-04 03:11:08 +0000"
    },
    "done": true
  },
  "minecraft:recipes/decorations/glass_pane": {
    "criteria": {
      "has_the_recipe": "2024-09-04 03:11:08 +0000"
    },
    "done": true
  },
  "minecraft:recipes/misc/gold_ingot_from_nuggets": {
    "criteria": {
      "has_the_recipe": "2024-09-04 03:11:08 +0000"
    },
    "done": true
  },
  "minecraft:recipes/decorations/purple_banner": {
    "criteria": {
      "has_the_recipe": "2024-09-04 03:11:08 +0000"
    },
    "done": true
  },
  "ebwizardry:wizard_tower": {
    "criteria": {
      "criteria_0": "2024-09-04 03:51:30 +0000"
    },
    "done": true
  },
  "minecraft:recipes/misc/lapis_lazuli": {
    "criteria": {
      "has_the_recipe": "2024-09-04 03:11:08 +0000"
    },
    "done": true
  },
  "simpleores:recipes/tin_armor": {
    "criteria": {
      "has_recipe3": "2024-09-04 03:11:08 +0000"
    },
    "done": true
  },
  "minecraft:recipes/building_blocks/magenta_stained_glass": {
    "criteria": {
      "has_the_recipe": "2024-09-04 03:11:08 +0000"
    },
    "done": true
  },
  "minecraft:story/mine_diamond": {
    "criteria": {
      "diamond": "2024-09-04 05:19:56 +0000"
    },
    "done": true
  },
  "minecraft:story/upgrade_tools": {
    "criteria": {
      "stone_pickaxe": "2024-09-04 03:31:17 +0000"
    },
    "done": true
  },
  "minecraft:recipes/combat/diamond_helmet": {
    "criteria": {
      "has_the_recipe": "2024-09-04 03:11:08 +0000"
    },
    "done": true
  },
  "simpleores:recipes/onyx_armor": {
    "criteria": {
      "has_recipe4": "2024-09-04 03:11:08 +0000"
    },
    "done": true
  },
  "minecraft:recipes/decorations/anvil": {
    "criteria": {
      "has_the_recipe": "2024-09-04 03:11:08 +0000"
    },
    "done": true
  },
  "minecraft:recipes/misc/pink_dye_from_pink_tulip": {
    "criteria": {
      "has_the_recipe": "2024-09-04 03:11:08 +0000"
    },
    "done": true
  },
  "minecraft:recipes/decorations/blue_bed_from_white_bed": {
    "criteria": {
      "has_the_recipe": "2024-09-04 03:11:08 +0000"
    },
    "done": true
  },
  "minecraft:recipes/decorations/birch_fence": {
    "criteria": {
      "has_the_recipe": "2024-09-04 03:11:08 +0000"
    },
    "done": true
  },
  "minecraft:recipes/misc/gold_ingot_from_block": {
    "criteria": {
      "has_the_recipe": "2024-09-04 03:11:08 +0000"
    },
    "done": true
  },
  "minecraft:recipes/building_blocks/cyan_concrete_powder": {
    "criteria": {
      "has_the_recipe": "2024-09-04 03:11:08 +0000"
    },
    "done": true
  },
  "minecraft:recipes/building_blocks/stone_brick_stairs": {
    "criteria": {
      "has_the_recipe": "2024-09-04 03:11:08 +0000"
    },
    "done": true
  },
  "minecraft:recipes/combat/golden_boots": {
    "criteria": {
      "has_the_recipe": "2024-09-04 03:11:08 +0000"
    },
    "done": true
  },
  "simpleores:recipes/mythril_tools": {
    "criteria": {
      "has_recipe6": "2024-09-04 03:11:08 +0000"
    },
    "done": true
  },
  "minecraft:recipes/tools/wooden_axe": {
    "criteria": {
      "has_the_recipe": "2024-09-04 03:11:08 +0000"
    },
    "done": true
  },
  "minecraft:recipes/building_blocks/lime_wool": {
    "criteria": {
      "has_the_recipe": "2024-09-04 03:11:08 +0000"
    },
    "done": true
  },
  "minecraft:recipes/misc/paper": {
    "criteria": {
      "has_the_recipe": "2024-09-04 03:11:08 +0000"
    },
    "done": true
  },
  "minecraft:recipes/misc/magenta_dye_from_lapis_ink_bonemeal": {
    "criteria": {
      "has_the_recipe": "2024-09-04 03:11:08 +0000"
    },
    "done": true
  },
  "minecraft:recipes/misc/pink_dye_from_peony": {
    "criteria": {
      "has_the_recipe": "2024-09-04 03:11:08 +0000"
    },
    "done": true
  },
  "minecraft:recipes/building_blocks/chiseled_sandstone": {
    "criteria": {
      "has_the_recipe": "2024-09-04 03:11:08 +0000"
    },
    "done": true
  },
  "minecraft:recipes/misc/light_blue_dye_from_lapis_bonemeal": {
    "criteria": {
      "has_the_recipe": "2024-09-04 03:11:08 +0000"
    },
    "done": true
  },
  "minecraft:recipes/building_blocks/green_wool": {
    "criteria": {
      "has_the_recipe": "2024-09-04 03:11:08 +0000"
    },
    "done": true
  },
  "ebwizardry:all_spells": {
    "criteria": {
      "snowball": "2024-09-05 03:13:12 +0000",
      "thunderbolt": "2024-09-04 05:51:08 +0000",
      "mine": "2024-09-05 03:14:30 +0000",
      "mind_trick": "2024-09-05 03:15:27 +0000",
      "conjure_block": "2024-09-05 03:13:55 +0000"
    },
    "done": false
  },
  "minecraft:recipes/tools/diamond_axe": {
    "criteria": {
      "has_the_recipe": "2024-09-04 03:11:08 +0000"
    },
    "done": true
  },
  "ebwizardry:handbook/elements": {
    "criteria": {
      "sorcery": "2024-09-05 05:02:24 +0000"
    },
    "done": true
  },
  "minecraft:recipes/building_blocks/brown_wool": {
    "criteria": {
      "has_the_recipe": "2024-09-04 03:11:08 +0000"
    },
    "done": true
  },
  "minecraft:nether/find_fortress": {
    "criteria": {
      "fortress": "2024-09-04 06:08:41 +0000"
    },
    "done": true
  },
  "minecraft:recipes/building_blocks/end_bricks": {
    "criteria": {
      "has_the_recipe": "2024-09-04 03:11:08 +0000"
    },
    "done": true
  },
  "minecraft:recipes/decorations/painting": {
    "criteria": {
      "has_the_recipe": "2024-09-04 03:11:08 +0000"
    },
    "done": true
  },
  "minecraft:recipes/decorations/pink_bed": {
    "criteria": {
      "has_the_recipe": "2024-09-04 03:11:08 +0000"
    },
    "done": true
  },
  "minecraft:recipes/building_blocks/white_stained_glass": {
    "criteria": {
      "has_the_recipe": "2024-09-04 03:11:08 +0000"
    },
    "done": true
  },
  "minecraft:recipes/redstone/acacia_fence_gate": {
    "criteria": {
      "has_the_recipe": "2024-09-04 03:11:08 +0000"
    },
    "done": true
  },
  "minecraft:recipes/decorations/black_carpet": {
    "criteria": {
      "has_the_recipe": "2024-09-04 03:11:08 +0000"
    },
    "done": true
  },
  "minecraft:recipes/combat/arrow": {
    "criteria": {
      "has_the_recipe": "2024-09-04 03:11:08 +0000"
    },
    "done": true
  },
  "minecraft:recipes/building_blocks/stone_slab": {
    "criteria": {
      "has_the_recipe": "2024-09-04 03:11:08 +0000"
    },
    "done": true
  },
  "minecraft:recipes/building_blocks/coal_block": {
    "criteria": {
      "has_the_recipe": "2024-09-04 03:11:08 +0000"
    },
    "done": true
  },
  "minecraft:recipes/redstone/light_weighted_pressure_plate": {
    "criteria": {
      "has_the_recipe": "2024-09-04 03:11:08 +0000"
    },
    "done": true
  },
  "minecraft:recipes/decorations/snow_layer": {
    "criteria": {
      "has_the_recipe": "2024-09-04 03:11:08 +0000"
    },
    "done": true
  },
  "minecraft:recipes/tools/stone_shovel": {
    "criteria": {
      "has_the_recipe": "2024-09-04 03:11:08 +0000"
    },
    "done": true
  },
  "minecraft:recipes/decorations/yellow_stained_glass_pane": {
    "criteria": {
      "has_the_recipe": "2024-09-04 03:11:08 +0000"
    },
    "done": true
  },
  "minecraft:recipes/building_blocks/blue_concrete_powder": {
    "criteria": {
      "has_the_recipe": "2024-09-04 03:11:08 +0000"
    },
    "done": true
  },
  "minecraft:recipes/building_blocks/cyan_stained_glass": {
    "criteria": {
      "has_the_recipe": "2024-09-04 03:11:08 +0000"
    },
    "done": true
  },
  "minecraft:recipes/building_blocks/light_blue_stained_hardened_clay": {
    "criteria": {
      "has_the_recipe": "2024-09-04 03:11:08 +0000"
    },
    "done": true
  },
  "ebwizardry:visit_shrine": {
    "criteria": {
      "criteria_0": "2024-09-04 04:50:29 +0000"
    },
    "done": true
  },
  "minecraft:recipes/building_blocks/cyan_stained_hardened_clay": {
    "criteria": {
      "has_the_recipe": "2024-09-04 03:11:08 +0000"
    },
    "done": true
  },
  "minecraft:recipes/building_blocks/andesite": {
    "criteria": {
      "has_the_recipe": "2024-09-04 03:11:08 +0000"
    },
    "done": true
  },
  "minecraft:recipes/combat/golden_helmet": {
    "criteria": {
      "has_the_recipe": "2024-09-04 03:11:08 +0000"
    },
    "done": true
  },
  "minecraft:recipes/tools/lead": {
    "criteria": {
      "has_the_recipe": "2024-09-04 03:11:08 +0000"
    },
    "done": true
  },
  "minecraft:recipes/building_blocks/jungle_wooden_slab": {
    "criteria": {
      "has_the_recipe": "2024-09-04 03:11:08 +0000"
    },
    "done": true
  },
  "minecraft:recipes/building_blocks/smooth_red_sandstone": {
    "criteria": {
      "has_the_recipe": "2024-09-04 03:11:08 +0000"
    },
    "done": true
  },
  "minecraft:story/root": {
    "criteria": {
      "crafting_table": "2024-09-04 03:19:07 +0000"
    },
    "done": true
  },
  "minecraft:recipes/misc/slime_ball": {
    "criteria": {
      "has_the_recipe": "2024-09-04 03:11:08 +0000"
    },
    "done": true
  },
  "minecraft:recipes/redstone/dropper": {
    "criteria": {
      "has_the_recipe": "2024-09-04 03:11:08 +0000"
    },
    "done": true
  },
  "minecraft:recipes/misc/coal": {
    "criteria": {
      "has_the_recipe": "2024-09-04 03:11:08 +0000"
    },
    "done": true
  },
  "minecraft:story/form_obsidian": {
    "criteria": {
      "obsidian": "2024-09-04 05:44:00 +0000"
    },
    "done": true
  },
  "minecraft:recipes/building_blocks/magma": {
    "criteria": {
      "has_the_recipe": "2024-09-04 03:11:08 +0000"
    },
    "done": true
  },
  "minecraft:recipes/brewing/brewing_stand": {
    "criteria": {
      "has_the_recipe": "2024-09-04 03:11:08 +0000"
    },
    "done": true
  },
  "minecraft:recipes/building_blocks/string_to_wool": {
    "criteria": {
      "has_the_recipe": "2024-09-04 03:11:08 +0000"
    },
    "done": true
  },
  "minecraft:recipes/combat/leather_chestplate": {
    "criteria": {
      "has_the_recipe": "2024-09-04 03:11:08 +0000"
    },
    "done": true
  },
  "minecraft:recipes/building_blocks/acacia_planks": {
    "criteria": {
      "has_the_recipe": "2024-09-04 03:11:08 +0000"
    },
    "done": true
  },
  "minecraft:recipes/tools/compass": {
    "criteria": {
      "has_the_recipe": "2024-09-04 03:11:08 +0000"
    },
    "done": true
  },
  "minecraft:recipes/redstone/repeater": {
    "criteria": {
      "has_the_recipe": "2024-09-04 03:11:08 +0000"
    },
    "done": true
  },
  "minecraft:nether/obtain_blaze_rod": {
    "criteria": {
      "blaze_rod": "2024-09-05 03:35:32 +0000"
    },
    "done": true
  },
  "minecraft:recipes/building_blocks/quartz_block": {
    "criteria": {
      "has_the_recipe": "2024-09-04 03:11:08 +0000"
    },
    "done": true
  },
  "minecraft:recipes/building_blocks/polished_andesite": {
    "criteria": {
      "has_the_recipe": "2024-09-04 03:11:08 +0000"
    },
    "done": true
  },
  "ebwizardry:discover_spell": {
    "criteria": {
      "criteria_0": "2024-09-04 05:51:08 +0000"
    },
    "done": true
  },
  "minecraft:recipes/redstone/iron_door": {
    "criteria": {
      "has_the_recipe": "2024-09-04 03:11:08 +0000"
    },
    "done": true
  },
  "minecraft:recipes/building_blocks/purpur_block": {
    "criteria": {
      "has_the_recipe": "2024-09-04 03:11:08 +0000"
    },
    "done": true
  },
  "minecraft:recipes/building_blocks/pink_stained_hardened_clay": {
    "criteria": {
      "has_the_recipe": "2024-09-04 03:11:08 +0000"
    },
    "done": true
  },
  "minecraft:recipes/decorations/nether_brick_fence": {
    "criteria": {
      "has_the_recipe": "2024-09-04 03:11:08 +0000"
    },
    "done": true
  },
  "minecraft:recipes/misc/magenta_dye_from_allium": {
    "criteria": {
      "has_the_recipe": "2024-09-04 03:11:08 +0000"
    },
    "done": true
  },
  "ebwizardry:handbook/spells": {
    "criteria": {
      "criteria_0": "2024-09-04 05:49:36 +0000"
    },
    "done": true
  },
  "minecraft:recipes/decorations/red_bed": {
    "criteria": {
      "has_the_recipe": "2024-09-04 03:11:08 +0000"
    },
    "done": true
  },
  "minecraft:recipes/misc/iron_ingot_from_nuggets": {
    "criteria": {
      "has_the_recipe": "2024-09-04 03:11:08 +0000"
    },
    "done": true
  },
  "minecraft:recipes/decorations/cyan_bed": {
    "criteria": {
      "has_the_recipe": "2024-09-04 03:11:08 +0000"
    },
    "done": true
  },
  "minecraft:recipes/transportation/jungle_boat": {
    "criteria": {
      "has_the_recipe": "2024-09-04 03:11:08 +0000"
    },
    "done": true
  },
  "minecraft:recipes/building_blocks/magenta_stained_hardened_clay": {
    "criteria": {
      "has_the_recipe": "2024-09-04 03:11:08 +0000"
    },
    "done": true
  },
  "minecraft:recipes/building_blocks/birch_stairs": {
    "criteria": {
      "has_the_recipe": "2024-09-04 03:11:08 +0000"
    },
    "done": true
  },
  "minecraft:recipes/building_blocks/jungle_stairs": {
    "criteria": {
      "has_the_recipe": "2024-09-04 03:11:08 +0000"
    },
    "done": true
  },
  "minecraft:recipes/redstone/heavy_weighted_pressure_plate": {
    "criteria": {
      "has_the_recipe": "2024-09-04 03:11:08 +0000"
    },
    "done": true
  },
  "minecraft:recipes/transportation/dark_oak_boat": {
    "criteria": {
      "has_the_recipe": "2024-09-04 03:11:08 +0000"
    },
    "done": true
  },
  "minecraft:recipes/transportation/carrot_on_a_stick": {
    "criteria": {
      "has_the_recipe": "2024-09-04 03:11:08 +0000"
    },
    "done": true
  },
  "minecraft:recipes/redstone/daylight_detector": {
    "criteria": {
      "has_the_recipe": "2024-09-04 03:11:08 +0000"
    },
    "done": true
  },
  "minecraft:recipes/food/pumpkin_pie": {
    "criteria": {
      "has_the_recipe": "2024-09-04 03:11:08 +0000"
    },
    "done": true
  },
  "minecraft:recipes/building_blocks/purpur_pillar": {
    "criteria": {
      "has_the_recipe": "2024-09-04 03:11:08 +0000"
    },
    "done": true
  },
  "minecraft:recipes/decorations/end_rod": {
    "criteria": {
      "has_the_recipe": "2024-09-04 03:11:08 +0000"
    },
    "done": true
  },
  "minecraft:recipes/building_blocks/pink_wool": {
    "criteria": {
      "has_the_recipe": "2024-09-04 03:11:08 +0000"
    },
    "done": true
  },
  "minecraft:recipes/redstone/jungle_door": {
    "criteria": {
      "has_the_recipe": "2024-09-04 03:11:08 +0000"
    },
    "done": true
  },
  "minecraft:recipes/building_blocks/nether_brick_stairs": {
    "criteria": {
      "has_the_recipe": "2024-09-04 03:11:08 +0000"
    },
    "done": true
  },
  "minecraft:recipes/decorations/brown_bed_from_white_bed": {
    "criteria": {
      "has_the_recipe": "2024-09-04 03:11:08 +0000"
    },
    "done": true
  },
  "simpleores:recipes/adamantium_tools": {
    "criteria": {
      "has_recipe5": "2024-09-04 03:11:08 +0000"
    },
    "done": true
  },
  "minecraft:recipes/building_blocks/lit_pumpkin": {
    "criteria": {
      "has_the_recipe": "2024-09-04 03:11:08 +0000"
    },
    "done": true
  },
  "minecraft:recipes/redstone/jungle_fence_gate": {
    "criteria": {
      "has_the_recipe": "2024-09-04 03:11:08 +0000"
    },
    "done": true
  },
  "minecraft:recipes/building_blocks/polished_granite": {
    "criteria": {
      "has_the_recipe": "2024-09-04 03:11:08 +0000"
    },
    "done": true
  },
  "minecraft:recipes/building_blocks/stonebrick": {
    "criteria": {
      "has_the_recipe": "2024-09-04 03:11:08 +0000"
    },
    "done": true
  },
  "minecraft:recipes/redstone/piston": {
    "criteria": {
      "has_the_recipe": "2024-09-04 03:11:08 +0000"
    },
    "done": true
  },
  "minecraft:recipes/combat/golden_leggings": {
    "criteria": {
      "has_the_recipe": "2024-09-04 03:11:08 +0000"
    },
    "done": true
  },
  "minecraft:recipes/building_blocks/stone_stairs": {
    "criteria": {
      "has_the_recipe": "2024-09-04 03:11:08 +0000"
    },
    "done": true
  },
  "minecraft:recipes/building_blocks/chiseled_red_sandstone": {
    "criteria": {
      "has_the_recipe": "2024-09-04 03:11:08 +0000"
    },
    "done": true
  },
  "minecraft:recipes/transportation/rail": {
    "criteria": {
      "has_the_recipe": "2024-09-04 03:11:08 +0000"
    },
    "done": true
  },
  "minecraft:recipes/decorations/brown_stained_glass_pane": {
    "criteria": {
      "has_the_recipe": "2024-09-04 03:11:08 +0000"
    },
    "done": true
  },
  "minecraft:recipes/building_blocks/light_gray_stained_hardened_clay": {
    "criteria": {
      "has_the_recipe": "2024-09-04 03:11:08 +0000"
    },
    "done": true
  },
  "minecraft:recipes/decorations/dark_oak_fence": {
    "criteria": {
      "has_the_recipe": "2024-09-04 03:11:08 +0000"
    },
    "done": true
  },
  "minecraft:recipes/combat/diamond_boots": {
    "criteria": {
      "has_the_recipe": "2024-09-04 03:11:08 +0000"
    },
    "done": true
  },
  "minecraft:recipes/building_blocks/nether_brick": {
    "criteria": {
      "has_the_recipe": "2024-09-04 03:11:08 +0000"
    },
    "done": true
  },
  "minecraft:story/smelt_iron": {
    "criteria": {
      "iron": "2024-09-04 03:42:25 +0000"
    },
    "done": true
  },
  "minecraft:recipes/redstone/wooden_door": {
    "criteria": {
      "has_the_recipe": "2024-09-04 03:11:08 +0000"
    },
    "done": true
  },
  "minecraft:recipes/decorations/light_blue_bed": {
    "criteria": {
      "has_the_recipe": "2024-09-04 03:11:08 +0000"
    },
    "done": true
  },
  "minecraft:recipes/building_blocks/chiseled_stonebrick": {
    "criteria": {
      "has_the_recipe": "2024-09-04 03:11:08 +0000"
    },
    "done": true
  },
  "minecraft:recipes/building_blocks/pink_stained_glass": {
    "criteria": {
      "has_the_recipe": "2024-09-04 03:11:08 +0000"
    },
    "done": true
  },
  "minecraft:recipes/decorations/light_gray_stained_glass_pane": {
    "criteria": {
      "has_the_recipe": "2024-09-04 03:11:08 +0000"
    },
    "done": true
  },
  "minecraft:recipes/decorations/light_gray_bed_from_white_bed": {
    "criteria": {
      "has_the_recipe": "2024-09-04 03:11:08 +0000"
    },
    "done": true
  },
  "minecraft:recipes/building_blocks/bone_block": {
    "criteria": {
      "has_the_recipe": "2024-09-04 03:11:08 +0000"
    },
    "done": true
  }
}